Workbook
Name AVON: #REF!
Name AVON: #REF!
Name AVON: #REF!
Name AVON: #REF!
Name AVON: #REF!
Name AVON: #REF!
Name AVON: #REF!
Name BEDS: #REF!
Name BEDS: #REF!
Name BEDS: #REF!
Name BEDS: #REF!
Name BEDS: #REF!
Name BEDS: #REF!
Name BEDS: #REF!
Name BEDS1: #REF!
Name BEDS1: #REF!
Name BEDS1: #REF!
Name BERKS: #REF!
Name BERKS: #REF!
Name BERKS: #REF!
Name BERKS: #REF!
Name BERKS: #REF!
Name BERKS: #REF!
Name BERKS: #REF!
Name BUCKS: #REF!
Name BUCKS: #REF!
Name BUCKS: #REF!
Name BUCKS: #REF!
Name BUCKS: #REF!
Name BUCKS: #REF!
Name BUCKS: #REF!
Name CAMBS: #REF!
Name CAMBS: #REF!
Name CAMBS: #REF!
Name CAMBS: #REF!
Name CAMBS: #REF!
Name CAMBS: #REF!
Name CAMBS: #REF!
Name CHESHIRE: #REF!
Name CHESHIRE: #REF!
Name CHESHIRE: #REF!
Name CHESHIRE: #REF!
Name CHESHIRE: #REF!
Name CHESHIRE: #REF!
Name CHESHIRE: #REF!
Name CLEVELAND: #REF!
Name CLEVELAND: #REF!
Name CLEVELAND: #REF!
Name CLEVELAND: #REF!
Name CLEVELAND: #REF!
Name CLEVELAND: #REF!
Name CLEVELAND: #REF!
Name CLWYD: #REF!
Name CLWYD: #REF!
Name CLWYD: #REF!
Name CLWYD: #REF!
Name CLWYD: #REF!
Name CLWYD: #REF!
Name CLWYD: #REF!
Name components_by_LA: #REF!

Sheet Introduction
A8: Mental Health Act Statistics, Annual Figures 2021-22
A9: Data tables
A10: Publication Date: 26 October 2022
A11: Link to publication: http://digital.nhs.uk/pubs/mha2022
A12: Introduction
A13: These tables provide aggregated statistical information on uses of the Mental Health Act ('the Act') in England for patients formally detained in hospitals and patients subject to Community Treatment Orders (CTOs). They provide time series data and breakdowns by type of organisation (NHS and independent sector) and data relating to the legal status of people detained under the Act.
A14: The data sources for each measure are noted at the top of each column of data. In 2016-17, the data were sourced from the Mental Health Services Data Set for the first time (data on uses of the Act in acute settings were collected via the MHA Acute collection in 2016-17 and 2017-18, and then from the Emergencey Care Data Set (ECDS) from 2019-20 onwards). Prior to this, data was sourced from the KP90 aggregate data collection. Due to coverage issues, counts of events and people produced from these new data sources are incomplete and should not be compared to data from the KP90 collection. Please refer to the notes above each table. Users should also consult the Background Data Quality Report for further information on these issues.
A15: Data confidentiality
A16: MHSDS Sub-national figures between 0 and 4 are suppressed and all numbers are rounded to the nearest 5. ECDS sub-national figures between 1 and 7 are suppressed, zeros are shown and all other numbers are rounded to the nearest 5. National figures from both sources are unrounded and unsuppressed.
A18: Contents
A19: Table | B19: Title
A20: Table 1a | B20: ='Table 1a'!A3 -> Detentions under the Mental Health Act 1983, by legal status and provider type, 2013-14 to 2021-22
A21: Table 1b | B21: ='Table 1b'!A3 -> Detentions under the Mental Health Act 1983, by age group and gender, 2021-22
A22: Table 1c | B22: ='Table 1c'!A3 -> Detentions under the Mental Health Act 1983, by ethnicity, 2021-22
A23: Table 1d | B23: ='Table 1d'!A3 -> Detentions under the Mental Health Act 1983, by Sustainability and Transformation Partnership (STP) area, 2021-22
A24: Table 1e | B24: ='Table 1e'!A3 -> Counts and rates of Detention under the Mental Health Act 1983, cross-tabulated by age group, ethnicity and gender, 2021-22
A25: Table 1f | B25: ='Table 1f'!A3 -> Detentions under the Mental Health Act 1983, by Clinical Commissioning Group (CCG) area, 2021-22
A26: Table 1g | B26: ='Table 1g'!A3 -> Detentions under the Mental Health Act 1983, by IMD decile, 2021-22
A27: Table 1h | B27: ='Table 1h'!A3 -> Detentions under the Mental Health Act 1983, by IMD decile and ethnicity, 2021-22
A28: Table 1i | B28: ='Table 1i'!A3 -> Detentions under the Mental Health Act 1983, by Sustainability and Transformation Partnership (STP) area by age group and gender, 2021-22
A29: Table 1j | B29: ='Table 1j'!A3 -> Detentions under the Mental Health Act 1983, by Sustainability and Transformation Partnership (STP) area by ethnicity and deprivation decile, 2021-22
A30: Table 2a | B30: ='Table 2a'!A3 -> Uses of Short Term Orders under the Mental Health Act 1983 by provider type, 2013-14 to 2021-22
A31: Table 2b | B31: ='Table 2b'!A3 -> Uses of Short Term Detention Orders (Place of Safety Orders: Section 136) under the Mental Health Act 1983 by age group and gender, 2021-22
A32: Table 2c | B32: ='Table 2c'!A3 -> Uses of Short Term Detention Orders (Place of Safety Orders: Section 136) under the Mental Health Act 1983 by ethnicity 2021-22
A33: Table 3a | B33: ='Table 3a'!A3 -> Uses of Community Treatment Orders (CTOs) by provider type, 2013-14 to 2021-22
A34: Table 3b | B34: ='Table 3b'!A3 -> Uses of Community Treatment Orders (CTOs) by age group and gender, 2021-22
A35: Table 3c | B35: ='Table 3c'!A3 -> Uses of Community Treatment Orders (CTOs) by ethnicity, 2021-22
A36: Table 4 | B36: ='Table 4'!A3 -> Uses of Sections 2 and 3 of the Mental Health Act 1983 by provider type, 2013-14 to 2021-22
A37: Table 5 | B37: ='Table 5'!A3 -> People subject to the Mental Health Act 1983 on 31st March, by provider, 2015 to 2021
A38: Table 6 | B38: ='Table 6'!A3 -> People subject to repeated detention under the Mental Health Act 1983, by age group, gender and ethnicity, 2021-22
A39: Table 7a | B39: ='Table 7a'!A3 -> Discharges from hospital when previously detained under the Mental Health Act 1983, by age group and gender, 2021-22
A40: Table 7b | B40: ='Table 7b'!A3 -> Discharges from hospital when previously detained under the Mental Health Act 1983, by ethnicity, 2021-22
A41: Table 8a | B41: Length of Detention of patients discharged from hospital when previously detained under the Mental Health Act 1983, by section, age group, gender, ethnicity and deprivation decile, 2021-22, excluding CTOs
A42: Table 8b | B42: Length of Detention of patients discharged from hospital when previously detained under the Mental Health Act 1983, by section, age group, gender, ethnicity and deprivation decile, 2021-22, including CTOs
A43: Table 8c | B43: Number of separate episodes as part of continuous MHA spell
A44: Appendix 1 | B44: Severity of Detention
A46: Further Information
A47: Author: Community and Mental Health Analysis Team, NHS Digital
A48: Responsible Statistician: Giles Foster
A50: Public Enquiries: 0300 303 5678
A51: Email: enquiries@nhsdigital.nhs.uk
A52: Press enquiries should be made to the Media Relations Manager on 0300 303 3888
A54: Published by NHS Digital, part of the Government Statistical Service
A55: Copyright © 2021 Health and Social Care Information Centre.
A56: The Health and Social Care Information Centre is a non-departmental body created by statute, also known as NHS Digital.
A60: You may re-use this document/publication (not including logos) free of charge in any format or medium, under the terms of the Open Government Licence v3.0.
A61: To view this licence visit
A62: www.nationalarchives.gov.uk/doc/open-government-licence
... A65: or email: psi@nationalarchives.gsi.gov.uk

Sheet Table 1a
A1: Table 1a
A3: Detentions under the Mental Health Act 1983, by legal status and provider type, 2013-14 to 2021-22
A5: This table shows the number of detentions starting in the year, including both civil detentions under Part II and detentions via the Criminal Justice System under Part III of the Act. From 2016-17, data is not comparable to previous years due to the change in data source from the KP90 collection to the MHSDS. For further details please refer to the Background Data Quality Report. Detentions are broken down into those occurring on admission and those that followed admission to hospital. The total also includes detentions following use of a Place of Safety order or after the revocation of a Community Treatment Order (CTO). The count of detentions does not include uses of Sections 4, 5(2) & 5(4) or 135 & 136, which are presented in Table 2 as Uses of Short Term Orders. A short term order may be followed by a detention under Sections 2 or 3, and these detentions are shown under the heading ‘Detentions following admission to hospital’ and ‘Detentions following use of Place of Safety Order’. Data for NHS Providers and Independent Sector Providers only includes data from MHSDS for 2021-22. This is due to small numbers in the ECDS data so these have not been included in these counts to prevent disclosure of small numbers. Further details of analytical methods can be found in the metadata file.
B7: All Providers | L7: NHS Providers | V7: Independent Sector Providers
B8: 2013-14 | C8: 2014-15 | D8: 2015-16 | E8: 2016-17 | F8: 2017-18 | G8: 2018-19 | H8: 2019-20 | I8: 2020-21 | J8: 2021-22 | L8: 2013-14 | M8: 2014-15 | N8: 2015-16 | O8: 2016-17 | P8: 2017-18 | Q8: 2018-19 | R8: 2019-20 | S8: 2020-21 | T8: 2021-22 | V8: 2013-14 | W8: 2014-15 | X8: 2015-16 | Y8: 2016-17 | Z8: 2017-18 | AA8: 2018-19 | AB8: 2019-20 | AC8: 2020-21 | AD8: 2021-22
A10: Data source | B10: KP90 | C10: KP90 | D10: KP90 | E10: MHSDS/ Acute | F10: MHSDS/ Acute | G10: MHSDS/ ECDS | H10: MHSDS/ ECDS | I10: MHSDS/ ECDS | J10: MHSDS/ ECDS | L10: KP90 | M10: KP90 | N10: KP90 | O10: MHSDS/ Acute | P10: MHSDS/ Acute | Q10: MHSDS/ ECDS | R10: MHSDS7 | S10: MHSDS7 | T10: MHSDS7 | V10: KP90 | W10: KP90 | X10: KP90 | Y10: MHSDS | Z10: MHSDS | AA10: MHSDS | AB10: MHSDS7 | AC10: MHSDS7 | AD10: MHSDS7
A12: All detentions1,2 | B12: 53176 | C12: 58399 | D12: 63622 | E12: 45864 | F12: 49551 | G12: 49988 | H12: 50893 | I12: 53239 | J12: tag_table1a_1 | L12: 48014 | M12: 51969 | N12: 56594 | O12: 43050 | P12: 46552 | Q12: 46837 | R12: 47975 | S12: 50518 | T12: tag_table1a_9 | V12: 5162 | W12: 6430 | X12: 7028 | Y12: 2814 | Z12: 2999 | AA12: 3151 | AB12: 2918 | AC12: 2721 | AD12: tag_table1a_17
A14: Detentions on admission to hospital3,4 | B14: 34806 | C14: 37709 | D14: 40785 | E14: 25474 | F14: 27971 | G14: 30478 | H14: 32320 | I14: 35275 | J14: tag_table1a_2 | L14: 30574 | M14: 32524 | N14: 35403 | O14: 24416 | P14: 26824 | Q14: 29230 | R14: 31280 | S14: 34265 | T14: tag_table1a_10 | V14: 4232 | W14: 5185 | X14: 5382 | Y14: 1058 | Z14: 1147 | AA14: 1248 | AB14: 1040 | AC14: 1010 | AD14: tag_table1a_18
A16: All detentions under Part II of the Mental Health Act | B16: 32781 | C16: 35444 | D16: 38873 | E16: 25224 | F16: 27690 | G16: 30114 | H16: 32011 | I16: 34863 | J16: tag_table1a_3 | L16: 29116 | M16: 30883 | N16: 33912 | O16: 24216 | P16: 26590 | Q16: 28916 | R16: 31012 | S16: 33886 | T16: tag_table1a_11 | V16: 3665 | W16: 4561 | X16: 4961 | Y16: 1008 | Z16: 1100 | AA16: 1198 | AB16: 999 | AC16: 977 | AD16: tag_table1a_19
A17: Section 2 | B17: 25300 | C17: 27754 | D17: 30627 | E17: 21621 | F17: 23864 | G17: 25963 | H17: 27968 | I17: 30407 | L17: 23326 | M17: 25293 | N17: 27705 | O17: 20823 | P17: 22994 | Q17: 25021 | R17: 27093 | S17: 29570 | V17: 1974 | W17: 2461 | X17: 2922 | Y17: 798 | Z17: 870 | AA17: 942 | AB17: 875 | AC17: 837
A18: Section 3 | B18: 7481 | C18: 7690 | D18: 8246 | E18: 3603 | F18: 3826 | G18: 4151 | H18: 4043 | I18: 4456 | L18: 5790 | M18: 5590 | N18: 6207 | O18: 3393 | P18: 3596 | Q18: 3895 | R18: 3919 | S18: 4316 | V18: 1691 | W18: 2100 | X18: 2039 | Y18: 210 | Z18: 230 | AA18: 256 | AB18: 124 | AC18: 140
A20: All detentions under Part III of the Mental Health Act | B20: 1847 | C20: 1930 | D20: 1696 | E20: 158 | F20: 203 | G20: 236 | H20: 221 | I20: 222 | J20: tag_table1a_4 | L20: 1317 | M20: 1332 | N20: 1317 | O20: 110 | P20: 157 | Q20: 189 | R20: 181 | S20: 191 | T20: tag_table1a_12 | V20: 530 | W20: 598 | X20: 379 | Y20: 48 | Z20: 46 | AA20: 47 | AB20: 40 | AC20: 31 | AD20: tag_table1a_20
A21: Section 35 | B21: 77 | C21: 75 | D21: 40 | E21: 8 | F21: 8 | G21: 2 | H21: 3 | I21: 4 | L21: 72 | M21: 67 | N21: 35 | O21: 7 | P21: 7 | Q21: 2 | R21: 3 | S21: 4 | V21: 5 | W21: 8 | X21: 5 | Y21: 1 | Z21: 1 | AA21: 0 | AB21: 0 | AC21: 0
A22: Section 36 | B22: 22 | C22: 15 | D22: 17 | E22: 0 | F22: 1 | G22: 3 | H22: 5 | I22: 7 | L22: 18 | M22: 12 | N22: 15 | O22: 0 | P22: 0 | Q22: 3 | R22: 5 | S22: 7 | V22: 4 | W22: 3 | X22: 2 | Y22: 0 | Z22: 1 | AA22: 0 | AB22: 0 | AC22: 0
A23: Section 37 (with S41 restrictions) | B23: 448 | C23: 486 | D23: 415 | E23: 26 | F23: 31 | G23: 46 | H23: 42 | I23: 25 | L23: 255 | M23: 278 | N23: 264 | O23: 12 | P23: 10 | Q23: 26 | R23: 30 | S23: 18 | V23: 193 | W23: 208 | X23: 151 | Y23: 14 | Z23: 21 | AA23: 20 | AB23: 12 | AC23: 7
A24: Section 37 (without S41 restrictions) | B24: 315 | C24: 307 | D24: 223 | E24: 21 | F24: 17 | G24: 20 | H24: 20 | I24: 25 | L24: 197 | M24: 151 | N24: 143 | O24: 11 | P24: 10 | Q24: 12 | R24: 15 | S24: 20 | V24: 118 | W24: 156 | X24: 80 | Y24: 10 | Z24: 7 | AA24: 8 | AB24: 5 | AC24: 5
A25: Section 45A | B25: 2 | C25: 9 | D25: 7 | E25: 0 | F25: 0 | G25: 0 | H25: 4 | I25: 6 | L25: 1 | M25: 6 | N25: 6 | O25: 0 | P25: 0 | Q25: 0 | R25: 4 | S25: 6 | V25: 1 | W25: 3 | X25: 1 | Y25: 0 | Z25: 0 | AA25: 0 | AB25: 0 | AC25: 0
A26: Section 47 (with S49 restrictions) | B26: 414 | C26: 429 | D26: 385 | E26: 41 | F26: 67 | G26: 49 | H26: 49 | I26: 59 | L26: 317 | M26: 324 | N26: 321 | O26: 37 | P26: 63 | Q26: 43 | R26: 43 | S26: 51 | V26: 97 | W26: 105 | X26: 64 | Y26: 4 | Z26: 4 | AA26: 6 | AB26: 6 | AC26: 8
A27: Section 47 (without S49 restrictions) | B27: 43 | C27: 60 | D27: 32 | E27: 2 | F27: 3 | G27: 4 | H27: 8 | I27: 5 | L27: 31 | M27: 38 | N27: 22 | O27: 1 | P27: 2 | Q27: 2 | R27: 5 | S27: 4 | V27: 12 | W27: 22 | X27: 10 | Y27: 1 | Z27: 1 | AA27: 2 | AB27: 3 | AC27: 1
A28: Section 48 (with S49 restrictions) | B28: 394 | C28: 440 | D28: 465 | E28: 46 | F28: 59 | G28: 69 | H28: 57 | I28: 67 | L28: 322 | M28: 374 | N28: 420 | O28: 36 | P28: 52 | Q28: 62 | R28: 49 | S28: 59 | V28: 72 | W28: 66 | X28: 45 | Y28: 10 | Z28: 7 | AA28: 7 | AB28: 8 | AC28: 8
A29: Section 48 (without S49 restrictions) | B29: 11 | C29: 3 | D29: 5 | E29: 6 | F29: 2 | G29: 1 | H29: 0 | I29: 1 | L29: 11 | M29: 3 | N29: 5 | O29: 1 | P29: 0 | Q29: 1 | R29: 0 | S29: 1 | V29: 0 | W29: 0 | X29: - | Y29: 5 | Z29: 2 | AA29: 0 | AB29: 0 | AC29: 0
A30: Detentions under other sections (38, 44 and 46) | B30: 121 | C30: 106 | D30: 107 | E30: 8 | F30: 15 | G30: 42 | H30: 33 | I30: 23 | L30: 93 | M30: 79 | N30: 86 | O30: 5 | P30: 13 | Q30: 38 | R30: 27 | S30: 21 | V30: 28 | W30: 27 | X30: 21 | Y30: 3 | Z30: 2 | AA30: 4 | AB30: 6 | AC30: 2
A32: Detentions under previous legislation (Fifth Schedule) and other Acts | B32: 178 | C32: 335 | D32: 216 | E32: 17 | F32: 10 | G32: 100 | H32: 88 | I32: 190 | J32: tag_table1a_5 | L32: 141 | M32: 309 | N32: 174 | O32: 15 | P32: 9 | Q32: 97 | R32: 87 | S32: 188 | T32: tag_table1a_13 | V32: 37 | W32: 26 | X32: 42 | Y32: 2 | Z32: 1 | AA32: 3 | AB32: 1 | AC32: 2 | AD32: tag_table1a_21
A34: Detentions following admission to hospital3,5,6 | B34: 14087 | C34: 16078 | D34: 17181 | E34: 17565 | F34: 18349 | G34: 15834 | H34: 14576 | I34: 13619 | J34: tag_table1a_6 | L34: 13254 | M34: 14938 | N34: 15622 | O34: 15846 | P34: 16542 | Q34: 13979 | R34: 12731 | S34: 11996 | T34: tag_table1a_14 | V34: 833 | W34: 1140 | X34: 1559 | Y34: 1719 | Z34: 1807 | AA34: 1855 | AB34: 1845 | AC34: 1623 | AD34: tag_table1a_22
A35: Informal to section 2 | B35: 4097 | C35: 5079 | D35: 5678 | E35: 7107 | F35: 7697 | G35: 5769 | H35: 5147 | I35: 4981 | L35: 3834 | M35: 4600 | N35: 4919 | O35: 6138 | P35: 6624 | Q35: 4759 | R35: 4071 | S35: 4035 | V35: 263 | W35: 479 | X35: 759 | Y35: 969 | Z35: 1073 | AA35: 1010 | AB35: 1076 | AC35: 946
A36: Informal to section 3 | B36: 3483 | C36: 4077 | D36: 4303 | E36: 5239 | F36: 5164 | G36: 4983 | H36: 4787 | I36: 4381 | L36: 3298 | M36: 3840 | N36: 4079 | O36: 4700 | P36: 4639 | Q36: 4409 | R36: 4266 | S36: 3893 | V36: 185 | W36: 237 | X36: 224 | Y36: 539 | Z36: 525 | AA36: 574 | AB36: 521 | AC36: 488
A37: Section 5(2) to 2 | B37: 3707 | C37: 4015 | D37: 4121 | E37: 3008 | F37: 3135 | G37: 2736 | H37: 2488 | I37: 2335 | L37: 3457 | M37: 3751 | N37: 3776 | O37: 2884 | P37: 3013 | Q37: 2583 | R37: 2344 | S37: 2234 | V37: 250 | W37: 264 | X37: 345 | Y37: 124 | Z37: 122 | AA37: 153 | AB37: 144 | AC37: 101
A38: Section 5(2) to 3 | B38: 2414 | C38: 2489 | D38: 2631 | E38: 2114 | F38: 2236 | G38: 2225 | H38: 2060 | I38: 1855 | L38: 2292 | M38: 2348 | N38: 2417 | O38: 2033 | P38: 2150 | Q38: 2112 | R38: 1963 | S38: 1774 | V38: 122 | W38: 141 | X38: 214 | Y38: 81 | Z38: 86 | AA38: 113 | AB38: 97 | AC38: 81
A39: Section 5(4) to 2 | B39: 54 | C39: 56 | D39: 51 | E39: 28 | F39: 30 | G39: 27 | H39: 26 | I39: 22 | L39: 49 | M39: 54 | N39: 47 | O39: 24 | P39: 30 | Q39: 24 | R39: 25 | S39: 22 | V39: 5 | W39: 2 | X39: 4 | Y39: 4 | Z39: 0 | AA39: 3 | AB39: 1 | AC39: 0
A40: Section 5(4) to 3 | B40: 44 | C40: 43 | D40: 40 | E40: 16 | F40: 20 | G40: 24 | H40: 19 | I40: 9 | L40: 43 | M40: 41 | N40: 39 | O40: 16 | P40: 20 | Q40: 24 | R40: 19 | S40: 8 | V40: 1 | W40: 2 | X40: 1 | Y40: 0 | Z40: 0 | AA40: 0 | AB40: 0 | AC40: 1
A41: Section 4 to 2 | B41: 260 | C41: 277 | D41: 331 | E41: 41 | F41: 50 | G41: 38 | H41: 36 | I41: 32 | L41: 254 | M41: 262 | N41: 319 | O41: 39 | P41: 49 | Q41: 36 | R41: 30 | S41: 26 | V41: 6 | W41: 15 | X41: 12 | Y41: 2 | Z41: 1 | AA41: 2 | AB41: 6 | AC41: 6
A42: Section 4 to 3 | B42: 28 | C42: 42 | D42: 26 | E42: 12 | F42: 18 | G42: 32 | H42: 14 | I42: 5 | L42: 27 | M42: 42 | N42: 26 | O42: 12 | P42: 18 | Q42: 32 | R42: 14 | S42: 5 | V42: 1 | W42: 0 | X42: 0 | Y42: 0 | Z42: 0 | AA42: 0 | AB42: 0 | AC42: 0
A44: Detentions following use of Place of Safety Order | B44: 2882 | C44: 3185 | D44: 4099 | E44: 2619 | F44: 2983 | G44: 3504 | H44: 3805 | I44: 4151 | J44: tag_table1a_7 | L44: 2837 | M44: 3131 | N44: 4051 | O44: 2589 | P44: 2941 | Q44: 3456 | R44: 3773 | S44: 4063 | T44: tag_table1a_15 | V44: 45 | W44: 54 | X44: 48 | Y44: 30 | Z44: 42 | AA44: 48 | AB44: 32 | AC44: 88 | AD44: tag_table1a_23
A45: Section 135 to 2 | B45: 0 | C45: 0 | D45: 0 | E45: 219 | F45: 317 | G45: 388 | H45: 470 | I45: 454 | L45: 0 | M45: 0 | N45: 0 | O45: 217 | P45: 309 | Q45: 378 | R45: 464 | S45: 428 | V45: 0 | W45: 0 | X45: 0 | Y45: 2 | Z45: 8 | AA45: 10 | AB45: 6 | AC45: 26
A46: Section 135 to 3 | B46: 0 | C46: 0 | D46: 0 | E46: 55 | F46: 97 | G46: 99 | H46: 130 | I46: 111 | L46: 0 | M46: 0 | N46: 0 | O46: 54 | P46: 91 | Q46: 93 | R46: 127 | S46: 94 | V46: 0 | W46: 0 | X46: 0 | Y46: 1 | Z46: 6 | AA46: 6 | AB46: 3 | AC46: 17
A47: Section 136 to 2 | B47: 2587 | C47: 2882 | D47: 3660 | E47: 2118 | F47: 2324 | G47: 2713 | H47: 2920 | I47: 3278 | L47: 2551 | M47: 2836 | N47: 3614 | O47: 2093 | P47: 2298 | Q47: 2684 | R47: 2898 | S47: 3235 | V47: 36 | W47: 46 | X47: 46 | Y47: 25 | Z47: 26 | AA47: 29 | AB47: 22 | AC47: 43
A48: Section 136 to 3 | B48: 295 | C48: 303 | D48: 439 | E48: 227 | F48: 245 | G48: 304 | H48: 285 | I48: 308 | L48: 286 | M48: 295 | N48: 437 | O48: 225 | P48: 243 | Q48: 301 | R48: 284 | S48: 306 | V48: 9 | W48: 8 | X48: 2 | Y48: 2 | Z48: 2 | AA48: 3 | AB48: 1 | AC48: 2
A50: Detentions following revocation of CTO | B50: 1401 | C50: 1427 | D50: 1557 | E50: 214 | F50: 257 | G50: 199 | H50: 206 | I50: 223 | J50: tag_table1a_8 | L50: 1349 | M50: 1376 | N50: 1518 | O50: 207 | P50: 254 | Q50: 199 | R50: 204 | S50: 221 | T50: tag_table1a_16 | V50: 52 | W50: 51 | X50: 39 | Y50: 7 | Z50: 3 | AA50: 0 | AB50: 2 | AC50: 2 | AD50: tag_table1a_24
A53: Sources: KP90 (2013-14 to 2015-16), MHSDS/MHA Acute (2016-17 to 2017-18), MHSDS/ECDS (2018-19 to 2021-22) - NHS Digital
A55: Footnotes: 1) For 2016-17 data, there is a discrepancy of 8 detentions between the 'All detentions' figure and the sum of the individual categories. For 2017-18 data, there is a discrepancy of 9 detentions between the 'All detentions' figure and the sum of the individual categories. For 2018-19 data, there is a discrepency of 15 detentions between the 'All detentions' figure and the sum of the individual categories. For 2019-20 data, there is a discrepancy of 9 detentions between the 'All detentions' figure and the sum of the individual categories. For 2021-22 data, there is a discrepency of 29 detentions between the 'All detentions' figure and the sum of the individual categories. This is due to difficulties in determining the sequence of events in these cases, using the record-level MHSDS data. 2) In 2016-17, 7,091 transfers on section were recorded. Of these 5,528 were recorded by NHS providers and 1,563 were recorded by Independent Sector providers. In 2017-18, 4,747 transfers on section were recorded. Of these 3,783 were recorded by NHS providers and 964 were recorded by Independent Sector providers. In 2018-19, 4,909 transfers on section were recorded. Of these 3,900 were recorded by NHS providers and 1,009 were recorded by Independent Sector providers. In 2019-20, 5,253 transfers on section were recorded. Of these 4,268 were recorded by NHS providers and 985 were recorded by Independent Sector providers. In 2021-22, 4,807 transfers on section were recorded. Of these 3,736 were recorded by NHS providers and 1,071 were recorded by Independent Sector providers. 3) From 2016-17, numbers for detentions on admission and detentions following admission to hospital are affected by the quality of time recording in MHSDS. Further details are provided in the Background Data Quality Report. 4) For 2016-17 and 2017-18, this total is higher than the sum of components due to the inclusion of data from the Acute collection for 'any other formal admissions', which cannot be allocated to any of the components. 5) For 2017-18, 2019-20 and 2021-22, there is a discrepancy of one detention between the total and components due to a data quality issue. 6) Detentions recorded in ECDS have been all been included in the Detentions on Admission category only. This is because it has not been possible to conclude whether the detention occured on admission or following admission. The detentions that occured appear to have happened on the same day but further analysis and improved data quality is required to improve reporting of detentions on admission and following admission in ECDS. 7) Data for NHS and Independent provider splits is only displayed from MHSDS for 2021-22. This is due to small numbers in the ECDS data for Independent providers.
A57: Copyright © 2021, Health and Social Care Information Centre. The Health and Social Care Information Centre is a non-departmental body created by statute, also known as NHS Digital
A58: This work remains the sole and exclusive property of the Health and Social Information Centre and may only be reproduced where there is explicit reference to the ownership of the Health and Social Care Information Centre.

Sheet Table 1b
A1: Table 1b
A3: Detentions under the Mental Health Act 1983, by age group and gender, 2021-22
A5: This table shows the numbers and rates of detention by age group and gender, for 2021-22. Detentions data are incomplete in 2021-22 so the counts and rates shown are lower than the true figures. However, broad comparisons between groups are valid. Population figures are ONS mid-year population estimates 2020.
B7: Number of detentions | C7: Base Population3 | D7: Crude rate per 100,000 population
A9: All1 | B9: tag_table1b_1
A11: All age groups (where recorded)2 | B11: tag_table1b_2
A13: 17 and under | B13: tag_table1b_3
A14: 15 and under
A15: 16 to 17
A17: 18 and over | B17: tag_table1b_4
A18: 18 to 34
A19: 35 to 49
A20: 50 to 64
A21: 65 and over
A23: All genders (where recorded)2 | B23: tag_table1b_5
A24: Male
A25: Female
A26: Non-Binary - based on Gender identity field
A27: Other (not listed) - based on Gender identity field
A28: Indeterminate - based on Person stated gender field
A31: Sources: MHSDS / MHA Acute 2021-22 - NHS Digital, ONS mid-year population estimates 2020.
A33: Footnotes 1) The total for 'All' is calculated from both the MHSDS and ECDS collections. It includes detentions where the age and gender details were not submitted. The totals for 'All age groups' and 'All genders' are from MHSDS only since the ECDS collection does not allow for further demographic breakdowns. 2) The total for 'All genders' is lower than for 'All' as these exclude records where these characteristics were either recorded as 'Not stated' and 'Not known' or where they were not submitted. 3) ONS mid-year population estimates 2020.
A35: Copyright © 2021, Health and Social Care Information Centre. The Health and Social Care Information Centre is a non-departmental body created by statute, also known as NHS Digital
A36: This work remains the sole and exclusive property of the Health and Social Information Centre and may only be reproduced where there is explicit reference to the ownership of the Health and Social Care Information Centre.

Sheet Table 1c
A1: Table 1c
A3: Detentions under the Mental Health Act 1983, by ethnicity, 2021-22
A5: This table shows the numbers and rates of detention by ethnicity, for 2021-22. Detentions data are incomplete in 2021-22 so the counts and rates shown are lower than the true figures. However, broad comparisons between groups are valid. Population figures are from the 2011 Census as ONS mid-year estimates do not include updates for ethnicity.
A6: The population figures use 2011 Census categories. The 2011 Census introduced the new Gypsy or Irish Traveller and Arab categories. MHSDS does not allow for data to be submitted with these new categories and as such for the purpose of analysis the new Gypsy or Irish Traveller and Arab categories have not been included. The population figure for Gypsy or Irish Traveller is included in the total population figures for the broad category of White and the population figure for Arab is included in the population figures for Any Other Ethnic Group category. The inclusion of these groups could affect the rate for the Any other ethnic group. Although Gypsy and Arab are identified in the population figures, since these groups are not separately identified in the MHSDS, we cannot produce separate rates for these groups. We also do not know which categories these people would have identified as belonging to in the MHSDS. For example, an Arab person may have self-identified as Asian or Any Other Ethnic group and the way this affects the rates shown is unknown. The broad groupings shown below follow the 2001 Census groupings, which are still used in the NHS. However the 2011 census re-positions 'Chinese' from Any other ethnic group to Asian/Asian British. This means that figures using 2011 Census categories will not be comparable with any using 2001 Census categories for 'Any Other Ethnic Group' and 'Asian/Asian British'.
B8: Number of detentions | C8: Base Population3 | D8: Crude rate per 100,000 population | E8: Standardised rate per 100,000 population | F8: Confidence Interval
A10: All1 | B10: tag_table1c_1
A12: All ethnicities (where recorded)2 | B12: tag_table1c_2
A14: Ethnicity
A15: White | B15: tag_table1c_3
A16: White British
A17: White Irish
A18: Any Other White Background
A19: Gypsy or Irish Traveller
A21: Mixed | B21: tag_table1c_4
A22: White and Black Caribbean
A23: White and Black African
A24: White and Asian
A25: Any Other Mixed Background
A27: Asian or Asian British | B27: tag_table1c_5
A28: Indian
A29: Pakistani
A30: Bangladeshi
A31: Any Other Asian Background
A33: Black or Black British | B33: tag_table1c_6
A34: African
A35: Caribbean
A36: Any Other Black Background
A38: Other Ethnic Groups | B38: tag_table1c_7
A39: Chinese
A40: Any Other Ethnic Group
A41: Arab
A44: Sources: MHSDS, ECDS 2021-22 - NHS Digital
A46: Footnotes 1) The total for 'All' is calculated from both the MHSDS and ECDS collections. It includes detentions where the ethnicity was not submitted.Further breakdowns are from MHSDS only since the ECDS collection does not allow for further demographic breakdowns. 2) The total for 'All ethnicities' is lower than for 'All' as it excludes records where any of age, gender or ethnicity was either recorded as 'Not stated' and 'Not known' or where it was not submitted. This information was required for direct standardisation of population-based rates. 3) ONS Census 2011 - table reference: DC2101EW - Ethnic group by sex by age, QS211EW - Ethnic group (detailed)
A47: https://www.nomisweb.co.uk/census/2011/LC2101EW/view/2092957699?rows=c_ethpuk11&cols=c_sex
A49: Copyright © 2021, Health and Social Care Information Centre. The Health and Social Care Information Centre is a non-departmental body created by statute, also known as NHS Digital
A50: This work remains the sole and exclusive property of the Health and Social Information Centre and may only be reproduced where there is explicit reference to the ownership of the Health and Social Care Information Centre.

Sheet Table 1d
A1: Table 1d
A3: Detentions under the Mental Health Act 1983, by Sustainability and Transformation Partnership (STP) area, 2021-22
A5: This table shows the numbers and rates of detention by STP area, for 2021-22. Detentions data are incomplete in 2021-22 so the counts and rates shown are lower than the true figures. Missing data for particular providers means that comparisons between STP areas must be made with caution, as areas with low completion rates will record low rates of detention which are not representative of the true picture. For further details of shortfalls in coverage, please refer to the Background Data Quality Report. Population figures are based on ONS mid-2019 population estimates for 2020 CCG mapped to STP.
B7: Sustainability and Transformation Partnership area | C7: Number of detentions | D7: Base Population2 | E7: Crude rate per 100,000 population
A9: All1 | C9: tag_table1d_1
A11: All STPs | C11: tag_table1d_2
A13: tag_table1d_3
A58: Sources: MHSDS, ECDS 2021-22 - NHS Digital
A60: Footnotes 1) The total for 'All' is calculated from both the MHSDS and ECDS collections. It includes detentions where the STP could not be derived. Further breakdowns are from MHSDS only since the ECDS collection does not allow for further breakdowns and therefore STP could not be derived from this data. 2) ONS mid-2019 population estimates for 2020 CCG have been mapped to STP
A62: Copyright © 2021, Health and Social Care Information Centre. The Health and Social Care Information Centre is a non-departmental body created by statute, also known as NHS Digital
A63: This work remains the sole and exclusive property of the Health and Social Information Centre and may only be reproduced where there is explicit reference to the ownership of the Health and Social Care Information Centre.

Sheet Table 1e
A1: Table 1e
A3: Counts and rates of Detention under the Mental Health Act 1983, cross-tabulated by age group, ethnicity and gender, 2021-22
A5: This table shows the number of detentions across gender, age group and ethnicity for 2021-22. Detentions data are incomplete in 2021-22 so the counts shown are lower than the true figures. However, broad comparisons between groups are valid.
B7: Count | N7: Crude Rate per 100,000 population
B8: Ethnicity | H8: Gender | N8: Ethnicity | T8: Gender
B9: White | C9: Mixed | D9: Asian | E9: Black | F9: Other | H9: Male | I9: Female | J9: Non-binary | K9: Other (not listed) | L9: Indeterminate | M9: Unknown | N9: White | O9: Mixed | P9: Asian | Q9: Black | R9: Other | T9: Male | U9: Female | V9: Non-binary | W9: Other (not listed) | X9: Indeterminate | Y9: Unknown
A12: All ages and genders1 | B12: tag_table1e_1 | H12: tag_table1e_2 | N12: tag_table1e_9 | T12: tag_table1e_10
A14: Age
A15: 17 and under | B15: tag_table1e_3 | H15: tag_table1e_4 | N15: tag_table1e_11 | T15: tag_table1e_12
A16: 15 and under
A17: 16 to 17
A19: 18 and over | B19: tag_table1e_5 | H19: tag_table1e_6 | N19: tag_table1e_13 | T19: tag_table1e_14
A20: 18 to 34
A21: 35 to 49
A22: 50 to 64
A23: 65 and over
A25: Gender
A26: Male | B26: tag_table1e_7 | H26: tag_table1e_8 | N26: tag_table1e_15 | T26: tag_table1e_16
A27: Female
A28: Non-binary
A29: Other (not listed)
A30: Indeterminate
A31: Unknown
A34: Source: MHSDS
A36: Footnotes 1) Data has been excluded where any of age, gender or ethnicity was either recorded as 'Not stated' and 'Not known' or where it was not submitted. The total for 'All ages and genders' is calculated from MHSDS only since the ECDS collection does not allow for further demographic breakdowns.
A38: Copyright © 2021, Health and Social Care Information Centre. The Health and Social Care Information Centre is a non-departmental body created by statute, also known as NHS Digital
A39: This work remains the sole and exclusive property of the Health and Social Information Centre and may only be reproduced where there is explicit reference to the ownership of the Health and Social Care Information Centre.

Sheet Table 1f
A1: Table 1f
A3: Detentions under the Mental Health Act 1983, by Clinical Commissioning Group (CCG) area, 2021-22
A5: This table shows the numbers and rates of detention by CCG area, for 2021-22 Detentions data are incomplete in 2021-22 so the counts and rates shown are lower than the true figures. Population figures are ONS mid-2019 population estimates for 2020.
B7: Clinical Commissioning Group area | C7: Number of detentions | D7: Base Population1 | E7: Crude rate per 100,000 population
A9: All1 | C9: tag_table1f_1
A11: All CCGs | C11: tag_table1f_2
A13: tag_table1f_3 | D13: =IFERROR(VLOOKUP(A13,#REF!,3,FALSE),"-") -> - | E13: =IFERROR(C13/D13*100000,"-") -> -
D14: =IFERROR(VLOOKUP(A14,#REF!,3,FALSE),"-") -> - | E14: =IFERROR(C14/D14*100000,"-") -> -
D15: =IFERROR(VLOOKUP(A15,#REF!,3,FALSE),"-") -> - | E15: =IFERROR(C15/D15*100000,"-") -> -
D16: =IFERROR(VLOOKUP(A16,#REF!,3,FALSE),"-") -> - | E16: =IFERROR(C16/D16*100000,"-") -> -
D17: =IFERROR(VLOOKUP(A17,#REF!,3,FALSE),"-") -> - | E17: =IFERROR(C17/D17*100000,"-") -> -
D18: =IFERROR(VLOOKUP(A18,#REF!,3,FALSE),"-") -> - | E18: =IFERROR(C18/D18*100000,"-") -> -
D19: =IFERROR(VLOOKUP(A19,#REF!,3,FALSE),"-") -> - | E19: =IFERROR(C19/D19*100000,"-") -> -
D20: =IFERROR(VLOOKUP(A20,#REF!,3,FALSE),"-") -> - | E20: =IFERROR(C20/D20*100000,"-") -> -
D21: =IFERROR(VLOOKUP(A21,#REF!,3,FALSE),"-") -> - | E21: =IFERROR(C21/D21*100000,"-") -> -
D22: =IFERROR(VLOOKUP(A22,#REF!,3,FALSE),"-") -> - | E22: =IFERROR(C22/D22*100000,"-") -> -
D23: =IFERROR(VLOOKUP(A23,#REF!,3,FALSE),"-") -> - | E23: =IFERROR(C23/D23*100000,"-") -> -
D24: =IFERROR(VLOOKUP(A24,#REF!,3,FALSE),"-") -> - | E24: =IFERROR(C24/D24*100000,"-") -> -
D25: =IFERROR(VLOOKUP(A25,#REF!,3,FALSE),"-") -> - | E25: =IFERROR(C25/D25*100000,"-") -> -
... D119: =IFERROR(VLOOKUP(A119,#REF!,3,FALSE),"-") -> - | E119: =IFERROR(C119/D119*100000,"-") -> -
A121: Sources: MHSDS, ECDS 2021-22 - NHS Digital
A123: Footnotes 1) ONS mid-2019 population estimates for 2020
A125: Copyright © 2021, Health and Social Care Information Centre. The Health and Social Care Information Centre is a non-departmental body created by statute, also known as NHS Digital
A126: This work remains the sole and exclusive property of the Health and Social Information Centre and may only be reproduced where there is explicit reference to the ownership of the Health and Social Care Information Centre.

Sheet Table 1g
A1: Table 1g
A3: Detentions under the Mental Health Act 1983, by IMD decile, 2021-22
A5: This table shows the numbers and rates of detention by IMD Decile, for 2021-22. Detentions data are incomplete in 2021-22 so the counts and rates shown are lower than the true figures. Population figures are ONS mid-year population estimates 2017.
B7: IMD Decile | C7: Number of detentions2 | D7: Base Population3 | E7: Crude rate per 100,000 population
A9: All1 | C9: tag_table1g_1
C11: tag_table1g_2
B13: tag_table1g_3
A26: Sources: MHSDS, ECDS 2021-22 - NHS Digital
A28: Footnotes 1) The total for 'All' is calculated from both the MHSDS and ECDS collections. It includes detentions where the IMD decile could not be derived. 2) The sum of the IMD decile breakdown only relates to MHSDS and not ECDS and so will not equal the total for 'All' which includes data from both collections. 3) ONS mid-year population estimates 2017
A30: Copyright © 2021, Health and Social Care Information Centre. The Health and Social Care Information Centre is a non-departmental body created by statute, also known as NHS Digital
A31: This work remains the sole and exclusive property of the Health and Social Information Centre and may only be reproduced where there is explicit reference to the ownership of the Health and Social Care Information Centre.

Sheet Table 1h
A1: Table 1h
A3: Detentions under the Mental Health Act 1983, by IMD decile and ethnicity, 2021-22
A5: This table shows the numbers detention by Ethncity and IMD, for 2021-22. Percentages are based on the row totals to allow broad comparisons between ethnic groups. Detentions data are incomplete in 2021-22 so the counts and rates shown are lower than the true figures.
C8: 01 Least deprived | D8: 02 Less deprived | E8: 03 Less deprived | F8: 04 Less deprived | G8: 05 Less deprived | H8: 06 More deprived | I8: 07 More deprived | J8: 08 More deprived | K8: 09 More deprived | L8: 10 Most deprived | M8: Not stated/Not known/Invalid | O8: 01 Least deprived (%) | P8: 02 Less deprived (%) | Q8: 03 Less deprived (%) | R8: 04 Less deprived (%) | S8: 05 Less deprived (%) | T8: 06 More deprived (%) | U8: 07 More deprived (%) | V8: 08 More deprived (%) | W8: 09 More deprived (%) | X8: 10 Most deprived (%) | Y8: Not stated/Not known/Invalid (%)
A10: Ethnicity
A11: White | C11: tag_table1h_1 | O11: tag_table1h_6
A12: White British
A13: White Irish
A14: Any Other White Background
A15: Gypsy or Irish Traveller | C15: - | D15: - | E15: - | F15: - | G15: - | H15: - | I15: - | J15: - | K15: - | L15: - | M15: - | O15: - | P15: - | Q15: - | R15: - | S15: - | T15: - | U15: - | V15: - | W15: - | X15: - | Y15: -
A17: Mixed | C17: tag_table1h_2 | O17: tag_table1h_7
A18: White and Black Caribbean
A19: White and Black African
A20: White and Asian
A21: Any Other Mixed Background
A23: Asian or Asian British | C23: tag_table1h_3 | O23: tag_table1h_8
A24: Indian
A25: Pakistani
A26: Bangladeshi
A27: Any Other Asian Background
A29: Black or Black British | C29: tag_table1h_4 | O29: tag_table1h_9
A30: African
A31: Caribbean
A32: Any Other Black Background
A34: Other Ethnic Groups | C34: tag_table1h_5 | O34: tag_table1h_10
A35: Chinese
A36: Any Other Ethnic Group
A37: Arab | C37: - | D37: - | E37: - | F37: - | G37: - | H37: - | I37: - | J37: - | K37: - | L37: - | M37: - | O37: - | P37: - | Q37: - | R37: - | S37: - | T37: - | U37: - | V37: - | W37: - | X37: - | Y37: -
A40: Sources: MHSDS - NHS Digital
A42: Copyright © 2021, Health and Social Care Information Centre. The Health and Social Care Information Centre is a non-departmental body created by statute, also known as NHS Digital
A43: This work remains the sole and exclusive property of the Health and Social Information Centre and may only be reproduced where there is explicit reference to the ownership of the Health and Social Care Information Centre.

Sheet Table 1i
A1: Table 1i
A3: Detentions under the Mental Health Act 1983, by Sustainability and Transformation Partnership (STP) area by age group and gender, 2021-22
A5: This table shows the numbers and rates of detention by STP area, for 2021-22. Detentions data are incomplete in 2021-22 so the counts and rates shown are lower than the true figures. Missing data for particular providers means that comparisons between STP areas must be made with caution, as areas with low completion rates will record low rates of detention which are not representative of the true picture. For further details of shortfalls in coverage, please refer to the Background Data Quality Report. Demographic breakdowns use the last set of person characteristics (e.g. age, gender or ethnicity) recorded in the year. This is to prevent instances where one person may have been recorded with different characteristics in different submissions. By taking the latest available demographics this ensures each person is consistently assigned with one age, gender and ethnic group. Caution should therefore be used when interpreting small numbers due to possible data quality issues. Population figures are based on ONS mid-2019 population estimates for 2020 CCG mapped to STP.
A7: Sustainability and Transformation Partnership area | D7: Gender | J7: Age Group
D8: Male | E8: Female | F8: Non-binary | G8: Other (not listed) | H8: Indeterminate | I8: Unknown | J8: 15 and under | K8: 16 to 17 | L8: 18 to 34 | M8: 35 to 49 | N8: 50 to 64 | O8: 65 and over
A11: All STPs | C11: Number of detentions | D11: tag_table1i_1 | J11: tag_table1i_2
C12: Base Population2
C13: Crude rate per 100,000 population
A14: STP
A15: tag_table1i_3
A146: Sources: MHSDS, ECDS 2021-22 - NHS Digital
A148: Footnotes 1) The total for 'All' is calculated from both the MHSDS and ECDS collections. It includes detentions where the STP could not be derived. Further breakdowns are from MHSDS only since the ECDS collection does not allow for further breakdowns and therefore STP could not be derived from this data. 2) ONS mid-2019 population estimates for 2020 CCG have been mapped to STP
A150: Copyright © 2021, Health and Social Care Information Centre. The Health and Social Care Information Centre is a non-departmental body created by statute, also known as NHS Digital
A151: This work remains the sole and exclusive property of the Health and Social Information Centre and may only be reproduced where there is explicit reference to the ownership of the Health and Social Care Information Centre.

Sheet Table 1j
A1: Table 1j
A3: Detentions under the Mental Health Act 1983, by Sustainability and Transformation Partnership (STP) area by ethnicity and deprivation decile, 2021-22
A4: This table shows the numbers and rates of detention by STP area, for 2021-22. Detentions data are incomplete in 2021-22 so the counts and rates shown are lower than the true figures. Missing data for particular providers means that comparisons between STP areas must be made with caution, as areas with low completion rates will record low rates of detention which are not representative of the true picture. For further details of shortfalls in coverage, please refer to the Background Data Quality Report. Demographic breakdowns use the last set of person characteristics (e.g. age, gender or ethnicity) recorded in the year. This is to prevent instances where one person may have been recorded with different characteristics in different submissions. By taking the latest available demographics this ensures each person is consistently assigned with one age, gender and ethnic group. Caution should therefore be used when interpreting small numbers due to possible data quality issues. Population figures are based on ONS mid-2019 population estimates for 2020 CCG mapped to STP.
A6: Sustainability and Transformation Partnership area | D6: Ethnicity | I6: IMD Decile
D7: White | E7: Mixed | F7: Asian | G7: Black | H7: Other | I7: 01 Least deprived | J7: 02 Less deprived | K7: 03 Less deprived | L7: 04 Less deprived | M7: 05 Less deprived | N7: 06 More deprived | O7: 07 More deprived | P7: 08 More deprived | Q7: 09 More deprived | R7: 10 Most deprived | S7: Not stated/Not known/Invalid
A10: All STPs | C10: Number of detentions | D10: tag_table1j_1 | I10: tag_table1j_2
C11: Base Population2
C12: Crude rate per 100,000 population
A13: STP
A14: tag_table1j_3
A146: Sources: MHSDS, ECDS 2021-22 - NHS Digital
A148: Footnotes 1) The total for 'All' is calculated from both the MHSDS and ECDS collections. It includes detentions where the STP could not be derived. Further breakdowns are from MHSDS only since the ECDS collection does not allow for further breakdowns and therefore STP could not be derived from this data. 2) ONS mid-2019 population estimates for 2020 CCG have been mapped to STP
A150: Copyright © 2021, Health and Social Care Information Centre. The Health and Social Care Information Centre is a non-departmental body created by statute, also known as NHS Digital
A151: This work remains the sole and exclusive property of the Health and Social Information Centre and may only be reproduced where there is explicit reference to the ownership of the Health and Social Care Information Centre.

Sheet Table 2a
A1: Table 2a
A3: Uses of Short Term Orders under the Mental Health Act 1983 by provider type, 2013-14 to 2021-22
A5: Notes:
A6: This table shows the number of uses of Sections 4, 5(2), 5(4), 135 and 136 during each period. From 2016-17, data is not comparable to previous years due to the change in data source from the KP90 collection to the MHSDS. For further details please refer to the Background Data Quality Report.
A7: Short-term detention orders are those of no greater than 24 hours' duration, except where a doctor has approved a further 12 hour extension. Prior to December 2017, the time limit for these orders was 72 hours. The figures for Place of Safety orders only include those where the ‘place of safety’ was a hospital. Orders made where the ‘place of safety’ was a police station are reported separately by the Home Office. Data for NHS Providers and Independent Sector Providers only includes data from MHSDS for 2021-22. This is due to small numbers in the ECDS data so these have not been included in these counts to prevent disclosure of small numbers.
L8: `
B9: All providers | L9: NHS Providers | V9: Independent Sector Providers
B10: 2013-14 | C10: 2014-15 | D10: 2015-16 | E10: 2016-17 | F10: 2017-18 | G10: 2018-19 | H10: 2019-20 | I10: 2020-21 | J10: 2021-22 | L10: 2013-14 | M10: 2014-15 | N10: 2015-16 | O10: 2016-17 | P10: 2017-18 | Q10: 2018-19 | R10: 2019-20 | S10: 2020-21 | T10: 2021-22 | V10: 2013-14 | W10: 2014-15 | X10: 2015-16 | Y10: 2016-17 | Z10: 2017-18 | AA10: 2018-19 | AB10: 2019-20 | AC10: 2020-21 | AD10: 2021-22
A12: Data source | B12: KP90 | C12: KP90 | D12: KP90 | E12: MHSDS/ Acute | F12: MHSDS/ Acute | G12: MHSDS/ ECDS | H12: MHSDS/ ECDS | I12: MHSDS/ ECDS | J12: MHSDS/ ECDS | L12: KP90 | M12: KP90 | N12: KP90 | O12: MHSDS/ Acute | P12: MHSDS/ Acute | Q12: MHSDS/ ECDS | R12: MHSDS1 | S12: MHSDS1 | T12: MHSDS1 | V12: KP90 | W12: KP90 | X12: KP90 | Y12: MHSDS | Z12: MHSDS | AA12: MHSDS/ ECDS | AB12: MHSDS1 | AC12: MHSDS1 | AD12: MHSDS1
A14: Short Term Detention Orders | B14: 28250 | C14: 31273 | D14: 35955 | E14: 25987 | F14: 28287 | G14: 29247 | H14: 29178 | I14: 29464 | J14: tag_table2a_1 | L14: 27413 | M14: 30346 | N14: 34763 | O14: 25090 | P14: 27352 | Q14: 28124 | R14: 28303 | S14: 28695 | T14: tag_table2a_5 | V14: 837 | W14: 927 | X14: 1192 | Y14: 897 | Z14: 935 | AA14: 1123 | AB14: 875 | AC14: 769 | AD14: tag_table2a_9
A16: All place of safety orders | B16: 17315 | C16: 19718 | D16: 23521 | E16: 15409 | F16: 17095 | G16: 19023 | H16: 19610 | I16: 21110 | J16: tag_table2a_2 | L16: 17050 | M16: 19402 | N16: 23131 | O16: 14988 | P16: 16574 | Q16: 18450 | R16: 19175 | S16: 20707 | T16: tag_table2a_6 | V16: 265 | W16: 316 | X16: 390 | Y16: 421 | Z16: 521 | AA16: 573 | AB16: 435 | AC16: 403 | AD16: tag_table2a_10
A17: Section 135 | B17: 307 | C17: 315 | D17: 556 | E17: 359 | F17: 556 | G17: 709 | H17: 901 | I17: 909 | L17: 305 | M17: 315 | N17: 556 | O17: 353 | P17: 537 | Q17: 677 | R17: 874 | S17: 841 | V17: 2 | W17: 0 | X17: 0 | Y17: 6 | Z17: 19 | AA17: 32 | AB17: 27 | AC17: 68
A18: Section 136 | B18: 17008 | C18: 19403 | D18: 22965 | E18: 15050 | F18: 16539 | G18: 18314 | H18: 18665 | I18: 20153 | L18: 16745 | M18: 19087 | N18: 22575 | O18: 14635 | P18: 16037 | Q18: 17773 | R18: 18257 | S18: 19818 | V18: 263 | W18: 316 | X18: 390 | Y18: 415 | Z18: 502 | AA18: 541 | AB18: 408 | AC18: 335
A20: Uses of Section 4 | B20: 326 | C20: 354 | D20: 405 | E20: 222 | F20: 263 | G20: 195 | H20: 177 | I20: 115 | J20: tag_table2a_3 | L20: 315 | M20: 327 | N20: 394 | O20: 215 | P20: 258 | Q20: 191 | R20: 176 | S20: 115 | T20: tag_table2a_7 | V20: 11 | W20: 27 | X20: 11 | Y20: 7 | Z20: 5 | AA20: 4 | AB20: 1 | AC20: 0 | AD20: tag_table2a_11
A22: All Uses of Section 5 | B22: 10609 | C22: 11201 | D22: 12029 | E22: 10356 | F22: 10929 | G22: 10029 | H22: 9391 | I22: 8235 | J22: tag_table2a_4 | L22: 10048 | M22: 10617 | N22: 11238 | O22: 9887 | P22: 10520 | Q22: 9483 | R22: 8952 | S22: 7869 | T22: tag_table2a_8 | V22: 561 | W22: 584 | X22: 791 | Y22: 469 | Z22: 409 | AA22: 546 | AB22: 439 | AC22: 366 | AD22: tag_table2a_12
A23: Section 5 (2) | B23: 8770 | C23: 9364 | D23: 10181 | E23: 9038 | F23: 9564 | G23: 8554 | H23: 7964 | I23: 7166 | L23: 8302 | M23: 8868 | N23: 9524 | O23: 8646 | P23: 9217 | Q23: 8114 | R23: 7591 | S23: 6847 | V23: 468 | W23: 496 | X23: 657 | Y23: 392 | Z23: 347 | AA23: 440 | AB23: 373 | AC23: 319
A24: Section 5 (4) | B24: 1839 | C24: 1837 | D24: 1848 | E24: 1318 | F24: 1365 | G24: 1475 | H24: 1427 | I24: 1069 | L24: 1746 | M24: 1749 | N24: 1714 | O24: 1241 | P24: 1303 | Q24: 1369 | R24: 1361 | S24: 1022 | V24: 93 | W24: 88 | X24: 134 | Y24: 77 | Z24: 62 | AA24: 106 | AB24: 66 | AC24: 47
A27: Sources: KP90 (2013-14 to 2015-16), MHSDS/MHA Acute (2016-17 to 2017-18), MHSDS/ECDS (2018-19, to 2021-22) - NHS Digital
A28: Footnotes: 1) Data for NHS and Independent provider splits is only displayed from MHSDS for 2021-22. This is due to small numbers in the ECDS data for Independent providers. 2) Totals include data from ECDS but some of the breakdowns only include MHSDS data so the sum of the breakdowns may not match the Total figures.
A30: Copyright © 2021, Health and Social Care Information Centre. The Health and Social Care Information Centre is a non-departmental body created by statute, also known as NHS Digital
A31: This work remains the sole and exclusive property of the Health and Social Information Centre and may only be reproduced where there is explicit reference to the ownership of the Health and Social Care Information Centre.

Sheet Table 2b
A1: Table 2b
A3: Uses of Short Term Detention Orders (Place of Safety Orders: Section 136) under the Mental Health Act 1983 by age group and gender, 2021-22
A6: This table shows counts and rates of uses of section 136 by age group and gender, in 2021-22. Data about uses of Section 136 are incomplete in 2021-22 so the counts and rates shown are lower than the true figures. Population figures are ONS mid-year population estimates 2020.
A7: Short-term detention orders are those of no greater than 24 hours' duration, except where a doctor has approved a further 12 hour extension. Prior to December 2017, the time limit for these orders was 72 hours. This data only includes those uses where the Place of Safety was a hospital. Orders made where the Place of Safety was a police station are reported separately by the Home Office.
B9: Number of Place of Safety Orders: Section 136 | C9: Base Population3 | D9: Crude rate per 100,000 population
A11: All1 | B11: tag_table2b_1
A13: All age groups (where recorded)2 | B13: tag_table2b_2
A15: 17 and under | B15: tag_table2b_3
A16: 15 and under
A17: 16 to 17
A19: 18 and over | B19: tag_table2b_4
A20: 18 to 34
A21: 35 to 49
A22: 50 to 64
A23: 65 and over
A25: All genders (where recorded)2 | B25: tag_table2b_5
A26: Male
A27: Female
A28: Non-Binary - based on Gender identity field
A29: Other (not listed) - based on Gender identity field
A30: Indeterminate - based on Person stated gender field
A33: Sources: MHSDS, ECDS 2021-22 - NHS Digital
A35: Footnotes 1) The total for 'All' is calculated from both the MHSDS and ECDS collections. It includes section 136 orders where the age and gender details were not submitted. 2) The totals for 'All age groups' and 'All genders' are from MHSDS only since the ECDS collection does not allow for further demographic breakdowns.These totals are lower than for 'All' as these also exclude records where these characteristics were either recorded as 'Not stated' and 'Not known' or where they were not submitted. 3) ONS mid-year population estimates 2020.
A37: Copyright © 2021, Health and Social Care Information Centre. The Health and Social Care Information Centre is a non-departmental body created by statute, also known as NHS Digital
A38: This work remains the sole and exclusive property of the Health and Social Information Centre and may only be reproduced where there is explicit reference to the ownership of the Health and Social Care Information Centre.

Sheet Table 2c
A1: Table 2c
A3: Uses of Short Term Detention Orders (Place of Safety Orders: Section 136) under the Mental Health Act 1983 by ethnicity 2021-22
A5: This table shows counts and rates of uses of section 136 by ethnicity, in 2021-22. Data about uses of Section 136 are incomplete in 2021-22 so the counts and rates shown are lower than the true figures. Population figures are from the 2011 Census as ONS mid-year estimates do not include updates for ethnicity.
A6: Short-term detention orders are defined as those of no greater than 24 hours' duration, except where a doctor has approved a further 12 hour extension. Prior to December 2017, the time limit for these orders was 72 hours.
A7: This data only includes those uses where the Place of Safety was a hospital. Orders made where the Place of Safety was a police station are reported separately by the Home Office.
A8: The population figures use 2011 Census categories. The 2011 Census introduced the new Gypsy or Irish Traveller and Arab categories. MHSDS does not allow for data to be submitted with these new categories and as such for the purpose of analysis the new Gypsy or Irish Traveller and Arab categories have not been included. The population figure for Gypsy or Irish Traveller is included in the total population figures for the broad category of White and the population figure for Arab is included in the population figures for Any Other Ethnic Group category. The inclusion of these groups could affect the rate for the Any other ethnic group. Although Gypsy and Arab are identified in the population figures, since these groups are not separately identified in the MHSDS, we cannot produce separate rates for these groups. We also do not know which categories these people would have identified as belonging to in the MHSDS. For example, an Arab person may have self-identified as Asian or Any Other Ethnic group and the way this affects the rates shown is unknown. The broad groupings shown below follow the 2001 Census groupings, which are still used in the NHS. However the 2011 census re-positions 'Chinese' from Any other ethnic group to Asian/Asian British. This means that figures using 2011 Census categories will not be comparable with any using 2001 Census categories for 'Any Other Ethnic Group' and 'Asian/Asian British'.
B10: Number of Place of Safety Orders: Section 136 | C10: Base Population3 | D10: Crude rate per 100,000 population | E10: Standardised rate per 100,000 population | F10: Confidence Interval
A12: All1 | B12: tag_table2c_1
A14: All ethnicities (where recorded)2 | B14: tag_table2c_2
A16: Ethnicity
A17: White | B17: tag_table2c_3
A18: White British
A19: White Irish
A20: Any Other White Background
A21: Gypsy or Irish Traveller
A23: Mixed | B23: tag_table2c_4
A24: White and Black Caribbean
A25: White and Black African
A26: White and Asian
A27: Any Other Mixed Background
A29: Asian or Asian British | B29: tag_table2c_5
A30: Indian
A31: Pakistani
A32: Bangladeshi
A33: Any Other Asian Background
A35: Black or Black British | B35: tag_table2c_6
A36: African
A37: Caribbean
A38: Any Other Black Background
A40: Other Ethnic Groups | B40: tag_table2c_7
A41: Chinese
A42: Any Other Ethnic Group
A43: Arab
A46: Sources: MHSDS, ECDS 2021-22 - NHS Digital
A48: Footnotes 1) The total for 'All' is calculated from both the MHSDS and ECDS collections. It includes detentions where the age and gender details were not submitted. Further breakdowns are from MHSDS only since the ECDS collection does not allow for further demographic breakdowns. 2) The total for 'All ethnicities' is lower than for 'All' as it excludes records where any of age, gender or ethnicity was either recorded as 'Not stated' and 'Not known' or where it was not submitted. This information was required for direct standardisation of population-based rates. 3) ONS Census 2011 - table reference: DC2101EW - Ethnic group by sex by age, QS211EW - Ethnic group (detailed)
A49: https://www.nomisweb.co.uk/census/2011/LC2101EW/view/2092957699?rows=c_ethpuk11&cols=c_sex
A51: Copyright © 2021, Health and Social Care Information Centre. The Health and Social Care Information Centre is a non-departmental body created by statute, also known as NHS Digital
A52: This work remains the sole and exclusive property of the Health and Social Information Centre and may only be reproduced where there is explicit reference to the ownership of the Health and Social Care Information Centre.

Sheet Table 3a
A1: Table 3a
A3: Uses of Community Treatment Orders (CTOs) by provider type, 2013-14 to 2021-22
A5: This table shows the number of uses of Community Treatment Orders (CTOs) during each period.
A6: Although a change in legal status from 'Informal to CTO' or 'Other sections to CTO' should not be possible, analysis of the MHSDS data shows that these transitions are being observed in the data submitted. This is shown below to highlight possible data quality issues. Data about uses of CTOs are incomplete in the MHSDS and should not be compared to data from the KP90 data source.
B8: All providers | L8: NHS Providers | V8: Independent Sector Providers
B9: 2013-14 | C9: 2014-15 | D9: 2015-16 | E9: 2016-17 | F9: 2017-18 | G9: 2018-19 | H9: 2019-20 | I9: 2020-21 | J9: 2021-22 | L9: 2013-14 | M9: 2014-15 | N9: 2015-16 | O9: 2016-17 | P9: 2017-18 | Q9: 2018-19 | R9: 2019-20 | S9: 2020-21 | T9: 2021-22 | V9: 2013-14 | W9: 2014-15 | X9: 2015-16 | Y9: 2016-17 | Z9: 2017-18 | AA9: 2018-19 | AB9: 2019-20 | AC9: 2020-21 | AD9: 2021-22
A11: Data source | B11: KP90 | C11: KP90 | D11: KP90 | E11: MHSDS1 | F11: MHSDS1 | G11: MHSDS1 | H11: MHSDS1 | I11: MHSDS1 | J11: MHSDS1 | L11: KP90 | M11: KP90 | N11: KP90 | O11: MHSDS1 | P11: MHSDS1 | Q11: MHSDS1 | R11: MHSDS1 | S11: MHSDS1 | T11: MHSDS1 | V11: KP90 | W11: KP90 | X11: KP90 | Y11: MHSDS | Z11: MHSDS | AA11: MHSDS | AB11: MHSDS | AC11: MHSDS | AD11: MHSDS
A13: Uses of Community Treatment Orders (under section 17A) | B13: 4434 | C13: 4564 | D13: 4361 | E13: 4966 | F13: 4784 | G13: 4840 | H13: 4650 | I13: 6070 | J13: tag_table3a_1 | L13: 4216 | M13: 4350 | N13: 4129 | O13: 4882 | P13: 4714 | Q13: 4768 | R13: 4601 | S13: 5986 | T13: tag_table3a_5 | V13: 218 | W13: 214 | X13: 232 | Y13: 84 | Z13: 70 | AA13: 72 | AB13: 49 | AC13: 84 | AD13: tag_table3a_9
A14: Section 3 to CTO | B14: 4099 | C14: 4323 | D14: 4109 | E14: 2645 | F14: 2693 | G14: 2675 | H14: 2790 | I14: 3517 | L14: 3906 | M14: 4128 | N14: 3905 | O14: 2602 | P14: 2661 | Q14: 2629 | R14: 2767 | S14: 3463 | V14: 193 | W14: 195 | X14: 204 | Y14: 43 | Z14: 32 | AA14: 46 | AB14: 23 | AC14: 54
A15: Section 37 to CTO | B15: 176 | C15: 178 | D15: 171 | E15: 113 | F15: 123 | G15: 144 | H15: 107 | I15: 115 | L15: 153 | M15: 162 | N15: 145 | O15: 108 | P15: 122 | Q15: 142 | R15: 103 | S15: 110 | V15: 23 | W15: 16 | X15: 26 | Y15: 5 | Z15: 1 | AA15: 2 | AB15: 4 | AC15: 5
A16: Section 47 to CTO | B16: 8 | C16: 6 | D16: 8 | E16: 4 | F16: 7 | G16: 5 | H16: 7 | I16: 14 | L16: 8 | M16: 4 | N16: 6 | O16: 4 | P16: 7 | Q16: 5 | R16: 6 | S16: 13 | V16: - | W16: 2 | X16: 2 | Y16: 0 | Z16: 0 | AA16: 0 | AB16: 1 | AC16: 1
A17: Section 48 to CTO | B17: - | C17: 1 | D17: 2 | E17: 62 | F17: 55 | G17: 2 | H17: 2 | I17: 8 | L17: - | M17: 1 | N17: 2 | O17: 62 | P17: 55 | Q17: 2 | R17: 2 | S17: 8 | V17: - | W17: - | X17: - | Y17: 0 | Z17: 0 | AA17: 0 | AB17: 0 | AC17: 0
A18: Informal to CTO2 | B18: - | C18: - | D18: - | E18: 1374 | F18: 1060 | G18: 1189 | H18: 997 | I18: 1093 | L18: - | M18: - | N18: - | O18: 1351 | P18: 1048 | Q18: 1185 | R18: 997 | S18: 1091 | V18: - | W18: - | X18: - | Y18: 23 | Z18: 12 | AA18: 4 | AB18: 0 | AC18: 2
A19: Other sections to CTO3 | B19: 151 | C19: 56 | D19: 71 | E19: 768 | F19: 846 | G19: 825 | H19: 747 | I19: 1323 | L19: 149 | M19: 55 | N19: 71 | O19: 755 | P19: 821 | Q19: 805 | R19: 726 | S19: 1301 | V19: 2 | W19: 1 | X19: - | Y19: 13 | Z19: 25 | AA19: 20 | AB19: 21 | AC19: 22
A21: CTO recalls to hospital | B21: 2316 | C21: 2369 | D21: 2294 | E21: 500 | F21: 519 | G21: 482 | H21: 514 | I21: 621 | J21: tag_table3a_2 | L21: 2239 | M21: 2303 | N21: 2240 | O21: 483 | P21: 514 | Q21: 476 | R21: 505 | S21: 614 | T21: tag_table3a_6 | V21: 77 | W21: 66 | X21: 54 | Y21: 17 | Z21: 5 | AA21: 6 | AB21: 9 | AC21: 7 | AD21: tag_table3a_10
A23: Revocations of CTO4 | B23: 1401 | C23: 1427 | D23: 1557 | E23: 524 | F23: 444 | G23: 437 | H23: 434 | I23: 555 | J23: tag_table3a_3 | L23: 1349 | M23: 1376 | N23: 1518 | O23: 514 | P23: 441 | Q23: 430 | R23: 428 | S23: 545 | T23: tag_table3a_7 | V23: 52 | W23: 51 | X23: 39 | Y23: 10 | Z23: 3 | AA23: 7 | AB23: 6 | AC23: 10 | AD23: tag_table3a_11
A25: Discharges from CTO | B25: 2230 | C25: 2491 | D25: 2575 | E25: 1085 | F25: 1149 | G25: 1248 | H25: 1035 | I25: 1582 | J25: tag_table3a_4 | L25: 2200 | M25: 2458 | N25: 2530 | O25: 1079 | P25: 1147 | Q25: 1247 | R25: 1035 | S25: 1577 | T25: tag_table3a_8 | V25: 30 | W25: 33 | X25: 45 | Y25: 6 | Z25: 2 | AA25: 1 | AB25: 0 | AC25: 5 | AD25: tag_table3a_12
A28: Sources: KP90 (2013-14 to 2015-16), MHSDS/MHA Acute (2016-17 to 2017-18), MHSDS/ECDS (2018-19 to 2021-22) - NHS Digital
A30: Footnotes: 1) From 2016-17 to 2021-22, data submitted to the MHSDS table MHS404 (Community Treatment Orders) by Lancashire Care NHS Foundation Trust (RW5) has been excluded from the CTO counts due to data quality issues. 2) Whilst the Mental Health Act does not allow people to go from an informal admission to a Community Treatment Order these numbers have been included to highlight the data quality issues surrounding CTO data. This includes the preceeding legal status being recorded as being not applicable or a missing value. 3) In the MHSDS, this includes a variety of scenarios including instances where the preceeding legal status was stated as unknown. 4) Where the revocations of CTO are higher than the CTO recalls to hospital it is likely that these counts do not match up due to the fact that these are in year counts. As such it is possible for a person to be be recalled to hospital in the previous reporting period and then have their CTO revoked in this reporting period.
A32: Copyright © 2021, Health and Social Care Information Centre. The Health and Social Care Information Centre is a non-departmental body created by statute, also known as NHS Digital
A33: This work remains the sole and exclusive property of the Health and Social Information Centre and may only be reproduced where there is explicit reference to the ownership of the Health and Social Care Information Centre.

Sheet Table 3b
A1: Table 3b
A3: Uses of Community Treatment Orders (CTOs) by age group and gender, 2021-22
A5: This table shows the numbers and rates of CTO use by age group and gender, for 2021-22. CTO data are incomplete in 2021-22 so the counts and rates shown may be lower than the true figures. However, broad comparisons between groups are valid. Population figures are ONS mid-year population estimates 2020.
B7: Number of uses of CTOs | C7: Base Population1 | D7: Crude rate per 100,000 population
A9: All1 | B9: tag_table3b_1
A11: All age groups (where recorded)2 | B11: tag_table3b_2
A13: 17 and under | B13: tag_table3b_3
A14: 15 and under
A15: 16 to 17
A17: 18 and over | B17: tag_table3b_4
A18: 18 to 34
A19: 35 to 49
A20: 50 to 64
A21: 65 and over
A23: All genders (where recorded)2 | B23: tag_table3b_5
A24: Male
A25: Female
A26: Non-Binary - based on Gender identity field
A27: Other (not listed) - based on Gender identity field
A28: Indeterminate - based on Person stated gender field
A31: Sources: MHSDS, ECDS 2021-22 - NHS Digital
A33: Footnotes 1) ONS mid-year population estimates 2020. 2) The total for 'All genders' is lower than for 'All' and 'All age groups' as this excludes records where these characteristics were either recorded as 'Not stated' and 'Not known' or where they were not submitted.
A34: Copyright © 2021, Health and Social Care Information Centre. The Health and Social Care Information Centre is a non-departmental body created by statute, also known as NHS Digital
A35: This work remains the sole and exclusive property of the Health and Social Information Centre and may only be reproduced where there is explicit reference to the ownership of the Health and Social Care Information Centre.

Sheet Table 3c
A1: Table 3c
A3: Uses of Community Treatment Orders (CTOs) by ethnicity, 2021-22
A5: This table shows the numbers and rates of CTO use by ethnicity, for 2021-22. Population figures are from the 2011 Census as ONS mid-year estimates do not include updates for ethnicity. Detentions data are incomplete in 2021-22 so the counts and rates shown may be lower than the true figures. However, broad comparisons between groups are valid.
A6: The population figures use 2011 Census categories. The 2011 Census introduced the new Gypsy or Irish Traveller and Arab categories. MHSDS does not allow for data to be submitted with these new categories and as such for the purpose of analysis the new Gypsy or Irish Traveller and Arab categories have not been included. The population figure for Gypsy or Irish Traveller is included in the total population figures for the broad category of White and the population figure for Arab is included in the population figures for Any Other Ethnic Group category. The inclusion of these groups could affect the rate for the Any other ethnic group. Although Gypsy and Arab are identified in the population figures, since these groups are not separately identified in the MHSDS, we cannot produce separate rates for these groups. We also do not know which categories these people would have identified as belonging to in the MHSDS. For example, an Arab person may have self-identified as Asian or Any Other Ethnic group and the way this affects the rates shown is unknown. The broad groupings shown below follow the 2001 Census groupings, which are still used in the NHS. However the 2011 census re-positions 'Chinese' from Any other ethnic group to Asian/Asian British. This means that figures using 2011 Census categories will not be comparable with any using 2001 Census categories for 'Any Other Ethnic Group' and 'Asian/Asian British'.
B8: Number of uses of CTOs | C8: Base Population3 | D8: Crude rate per 100,000 population | E8: Standardised rate per 100,000 population | F8: Confidence Interval
A10: All1 | B10: tag_table3c_1
A12: All ethnicities (where recorded)2 | B12: tag_table3c_2
A14: Ethnicity
A15: White | B15: tag_table3c_3
A16: White British
A17: White Irish
A18: Any Other White Background
A19: Gypsy or Irish Traveller
A21: Mixed | B21: tag_table3c_4
A22: White and Black Caribbean
A23: White and Black African
A24: White and Asian
A25: Any Other Mixed Background
A27: Asian or Asian British | B27: tag_table3c_5
A28: Indian
A29: Pakistani
A30: Bangladeshi
A31: Any Other Asian Background
A33: Black or Black British | B33: tag_table3c_6
A34: African
A35: Caribbean
A36: Any Other Black Background
A38: Other Ethnic Groups | B38: tag_table3c_7
A39: Chinese
A40: Any Other Ethnic Group
A41: Arab
A44: Sources: MHSDS, ECDS 2021-22 - NHS Digital
A46: Footnotes 1) The total for 'All' is calculated from both the MHSDS and ECDS collections. It includes detentions where the age and gender details were not submitted. Further breakdowns are from MHSDS only since the ECDS collection does not allow for further demographic breakdowns. 2) The total for 'All ethnicities' is lower than for 'All' as it excludes records where any of age, gender or ethnicity was either recorded as 'Not stated' and 'Not known' or where it was not submitted. This information was required for direct standardisation of population-based rates. 3) ONS Census 2011 - table reference: DC2101EW - Ethnic group by sex by age, QS211EW - Ethnic group (detailed)
A47: https://www.nomisweb.co.uk/census/2011/LC2101EW/view/2092957699?rows=c_ethpuk11&cols=c_sex
A49: Copyright © 2021, Health and Social Care Information Centre. The Health and Social Care Information Centre is a non-departmental body created by statute, also known as NHS Digital
A50: This work remains the sole and exclusive property of the Health and Social Information Centre and may only be reproduced where there is explicit reference to the ownership of the Health and Social Care Information Centre.

Sheet Table 4
A1: Table 4
A3: Uses of Sections 2 and 3 of the Mental Health Act 1983 by provider type, 2013-14 to 2021-22
A4: This table presents all uses of Sections 2 and 3, by section. All the figures are included in Table 1, except the change in legal status from Section 2 to 3 (the patient is already detained when the section 3 starts) and ‘other sections to Section 3’, which cover unexpected scenarios in the data, not part of the previous publication series. From 2016-17, data is not comparable to previous years due to the change in data source from the KP90 collection to the MHSDS. For further details please refer to the Background Data Quality Report. Data for NHS Providers and Independent Sector Providers only includes data from MHSDS for 2021-22. This is due to small numbers in the ECDS data so these have not been included in these counts to prevent disclosure of small numbers.
B7: All providers | L7: NHS Providers | V7: Independent Sector Providers
B8: 2013-14 | C8: 2014-15 | D8: 2015-16 | E8: 2016-17 | F8: 2017-18 | G8: 2018-19 | H8: 2019-20 | I8: 2020-21 | J8: 2021-22 | L8: 2013-14 | M8: 2014-15 | N8: 2015-16 | O8: 2016-17 | P8: 2017-18 | Q8: 2018-19 | R8: 2019-20 | S8: 2020-21 | T8: 2021-22 | V8: 2013-14 | W8: 2014-15 | X8: 2015-16 | Y8: 2016-17 | Z8: 2017-18 | AA8: 2018-19 | AB8: 2019-20 | AC8: 2020-21 | AD8: 2021-22
A10: Data source | B10: KP90 | C10: KP90 | D10: KP90 | E10: MHSDS/ Acute | F10: MHSDS/ Acute | G10: MHSDS/ ECDS | H10: MHSDS/ ECDS | I10: MHSDS/ ECDS | J10: MHSDS/ ECDS | L10: KP90 | M10: KP90 | N10: KP90 | O10: MHSDS/ Acute | P10: MHSDS/ Acute | Q10: MHSDS/ ECDS | R10: MHSDS1 | S10: MHSDS1 | T10: MHSDS1 | V10: KP90 | W10: KP90 | X10: KP90 | Y10: MHSDS | Z10: MHSDS | AA10: MHSDS | AB10: MHSDS1 | AC10: MHSDS1 | AD10: MHSDS1
A12: Total uses of Section 22 | B12: 36005 | C12: 40063 | D12: 44468 | E12: 34137 | F12: 37408 | G12: 37610 | H12: 39044 | I12: 41487 | J12: tag_table4_1 | L12: 33471 | M12: 36796 | N12: 40380 | O12: 32213 | P12: 35308 | Q12: 35461 | R12: 36915 | S12: 39530 | T12: tag_table4_3 | V12: 2534 | W12: 3267 | X12: 4088 | Y12: 1924 | Z12: 2100 | AA12: 2149 | AB12: 2129 | AC12: 1957 | AD12: tag_table4_5
A13: Section 2 on admission3 | B13: 25300 | C13: 27754 | D13: 30627 | E13: 21621 | F13: 23864 | G13: 25963 | H13: 27249 | I13: 29583 | L13: 23326 | M13: 25293 | N13: 27705 | O13: 20823 | P13: 22994 | Q13: 25021 | R13: 26374 | S13: 28746 | V13: 1974 | W13: 2461 | X13: 2922 | Y13: 798 | Z13: 870 | AA13: 942 | AB13: 875 | AC13: 837
A14: Section 2 following admission (informal to 2) | B14: 4097 | C14: 5079 | D14: 5678 | E14: 7107 | F14: 7697 | G14: 5769 | H14: 5147 | I14: 4981 | L14: 3834 | M14: 4600 | N14: 4919 | O14: 6138 | P14: 6624 | Q14: 4759 | R14: 4071 | S14: 4035 | V14: 263 | W14: 479 | X14: 759 | Y14: 969 | Z14: 1073 | AA14: 1010 | AB14: 1076 | AC14: 946
A15: Section 5(2) to 2 | B15: 3707 | C15: 4015 | D15: 4121 | E15: 3008 | F15: 3135 | G15: 2736 | H15: 2488 | I15: 2335 | L15: 3457 | M15: 3751 | N15: 3776 | O15: 2884 | P15: 3013 | Q15: 2583 | R15: 2344 | S15: 2234 | V15: 250 | W15: 264 | X15: 345 | Y15: 124 | Z15: 122 | AA15: 153 | AB15: 144 | AC15: 101
A16: Section 5(4) to 2 | B16: 54 | C16: 56 | D16: 51 | E16: 28 | F16: 30 | G16: 27 | H16: 26 | I16: 22 | L16: 49 | M16: 54 | N16: 47 | O16: 24 | P16: 30 | Q16: 24 | R16: 25 | S16: 22 | V16: 5 | W16: 2 | X16: 4 | Y16: 4 | Z16: 0 | AA16: 3 | AB16: 1 | AC16: 0
A17: Section 135 to 2 | B17: - | C17: - | D17: - | E17: 219 | F17: 317 | G17: 388 | H17: 470 | I17: 454 | L17: - | M17: - | N17: - | O17: 217 | P17: 309 | Q17: 378 | R17: 464 | S17: 428 | V17: - | W17: - | X17: - | Y17: 2 | Z17: 8 | AA17: 10 | AB17: 6 | AC17: 26
A18: Section 136 to 2 | B18: 2587 | C18: 2882 | D18: 3660 | E18: 2118 | F18: 2324 | G18: 2713 | H18: 2920 | I18: 3278 | L18: 2551 | M18: 2836 | N18: 3614 | O18: 2093 | P18: 2298 | Q18: 2684 | R18: 2898 | S18: 3235 | V18: 36 | W18: 46 | X18: 46 | Y18: 25 | Z18: 26 | AA18: 29 | AB18: 22 | AC18: 43
A19: Section 4 to 2 | B19: 260 | C19: 277 | D19: 331 | E19: 41 | F19: 50 | G19: 38 | H19: 36 | I19: 32 | L19: 254 | M19: 262 | N19: 319 | O19: 39 | P19: 49 | Q19: 36 | R19: 30 | S19: 26 | V19: 6 | W19: 15 | X19: 12 | Y19: 2 | Z19: 1 | AA19: 2 | AB19: 6 | AC19: 6
A21: Total uses of Section 32 | B21: 22418 | C21: 25431 | D21: 28147 | E21: 21361 | F21: 23073 | G21: 23646 | H21: 24165 | I21: 24123 | J21: tag_table4_2 | L21: 19807 | M21: 22215 | N21: 24552 | O21: 20076 | P21: 21639 | Q21: 21929 | R21: 22643 | S21: 22609 | T21: tag_table4_4 | V21: 2611 | W21: 3216 | X21: 3595 | Y21: 1285 | Z21: 1434 | AA21: 1717 | AB21: 1522 | AC21: 1514 | AD21: tag_table4_6
A22: Section 3 on admission3 | B22: 7481 | C22: 7690 | D22: 8246 | E22: 3603 | F22: 3826 | G22: 4151 | H22: 4043 | I22: 4456 | L22: 5790 | M22: 5590 | N22: 6207 | O22: 3393 | P22: 3596 | Q22: 3895 | R22: 3919 | S22: 4316 | V22: 1691 | W22: 2100 | X22: 2039 | Y22: 210 | Z22: 230 | AA22: 256 | AB22: 124 | AC22: 140
A23: Section 3 following admission (informal to 3) | B23: 3483 | C23: 4077 | D23: 4303 | E23: 5239 | F23: 5164 | G23: 4983 | H23: 4787 | I23: 4381 | L23: 3298 | M23: 3840 | N23: 4079 | O23: 4700 | P23: 4639 | Q23: 4409 | R23: 4266 | S23: 3893 | V23: 185 | W23: 237 | X23: 224 | Y23: 539 | Z23: 525 | AA23: 574 | AB23: 521 | AC23: 488
A24: Section 5(2) to 3 | B24: 2414 | C24: 2489 | D24: 2631 | E24: 2114 | F24: 2236 | G24: 2225 | H24: 2060 | I24: 1855 | L24: 2292 | M24: 2348 | N24: 2417 | O24: 2033 | P24: 2150 | Q24: 2112 | R24: 1963 | S24: 1774 | V24: 122 | W24: 141 | X24: 214 | Y24: 81 | Z24: 86 | AA24: 113 | AB24: 97 | AC24: 81
A25: Section 5(4) to 3 | B25: 44 | C25: 43 | D25: 40 | E25: 16 | F25: 20 | G25: 24 | H25: 19 | I25: 9 | L25: 43 | M25: 41 | N25: 39 | O25: 16 | P25: 20 | Q25: 24 | R25: 19 | S25: 8 | V25: 1 | W25: 2 | X25: 1 | Y25: 0 | Z25: 0 | AA25: 0 | AB25: 0 | AC25: 1
A26: Section 135 to 3 | B26: - | C26: - | D26: - | E26: 55 | F26: 97 | G26: 99 | H26: 130 | I26: 111 | L26: - | M26: - | N26: - | O26: 54 | P26: 91 | Q26: 93 | R26: 127 | S26: 94 | V26: - | W26: - | X26: - | Y26: 1 | Z26: 6 | AA26: 6 | AB26: 3 | AC26: 17
A27: Section 136 to 3 | B27: 295 | C27: 303 | D27: 439 | E27: 227 | F27: 245 | G27: 304 | H27: 285 | I27: 308 | L27: 286 | M27: 295 | N27: 437 | O27: 225 | P27: 243 | Q27: 301 | R27: 284 | S27: 306 | V27: 9 | W27: 8 | X27: 2 | Y27: 2 | Z27: 2 | AA27: 3 | AB27: 1 | AC27: 2
A28: Section 4 to 3 | B28: 28 | C28: 42 | D28: 26 | E28: 12 | F28: 18 | G28: 32 | H28: 14 | I28: 5 | L28: 27 | M28: 42 | N28: 26 | O28: 12 | P28: 18 | Q28: 32 | R28: 14 | S28: 5 | V28: 1 | W28: 0 | X28: 0 | Y28: 0 | Z28: 0 | AA28: 0 | AB28: 0 | AC28: 0
A29: Section 2 to 3 | B29: 8673 | C29: 10787 | D29: 12462 | E29: 9850 | F29: 11296 | G29: 11640 | H29: 12474 | I29: 12804 | L29: 8071 | M29: 10059 | N29: 11347 | O29: 9460 | P29: 10758 | Q29: 10889 | R29: 11710 | S29: 12040 | V29: 602 | W29: 728 | X29: 1115 | Y29: 390 | Z29: 538 | AA29: 751 | AB29: 764 | AC29: 764
A30: Other sections to Section 3 | B30: - | C30: - | D30: - | E30: 248 | F30: 172 | G30: 191 | H30: 357 | I30: 202 | L30: - | M30: - | N30: - | O30: 186 | P30: 125 | Q30: 177 | R30: 345 | S30: 181 | V30: - | W30: - | X30: - | Y30: 62 | Z30: 47 | AA30: 14 | AB30: 12 | AC30: 21
A33: Sources: KP90 (2013-14 to 2015-16), MHSDS/MHA Acute (2016-17 to 2017-18), MHSDS/ECDS (2018-19 to 2021-22) - NHS Digital
A34: Footnotes: 1) Data for NHS and Independent provider splits is only displayed from MHSDS for 2021-22. This is due to small numbers in the ECDS data for Independent providers. 2) Totals include data from ECDS but the breakdwons only include MHSDS data. 3) Detentions recorded in ECDS have been all been included in the Detentions on Admission category only. This is because it has not been possible to conclude whether the detention occured on admission or following admission. The detentions that occured appear to have happened on the same day but further analysis and improved data quality is required to improve reporting of detentions on admission and following admission in ECDS.
A36: Copyright © 2021, Health and Social Care Information Centre. The Health and Social Care Information Centre is a non-departmental body created by statute, also known as NHS Digital
A37: This work remains the sole and exclusive property of the Health and Social Information Centre and may only be reproduced where there is explicit reference to the ownership of the Health and Social Care Information Centre.

Sheet Table 5
A1: Table 5
A3: People subject to the Mental Health Act 1983 on 31st March, by provider, 2015 to 2021
A5: This table shows, by provider, the number of people subject to the Mental Health Act on 31st March each year. It is a snapshot of activity on the last day of each annual reporting period. Caution should be used in making comparisons between periods where the data source has changed as not all organisations that submitted to the KP90 collection are submitting to the MHSDS. For further information please refer to the Background Data Quality Report.
A6: Providers have been grouped based on their Organisational Data Service (ODS) code. Independent hospitals in the KP90 without a parent ODS code were grouped into the 'Other Independent Sector Healthcare Providers' group at the bottom of this table. Individual provider figures are available in the metadata file that accompanies this release. Local knowledge may be required to interpret changes between years.
A7: '*' indicates the value has been suppressed. From 2013-14, sub-national figures between 0 and 4 are suppressed and all numbers are rounded to the nearest 5. National figures are unrounded and unsuppressed. '-' indicates where an organisation had no data. For more information on disclosure control rules please refer to the Background Data Quality report.
D9: People subject to the Act on 31st March | M9: People detained in hospital on 31st March | V9: People subject to Community Treatment Orders (CTOs) on 31st March
D10: 2015 | E10: 2016 | F10: 2017 | G10: 2018 | H10: 2019 | I10: 2020 | J10: 2021 | K10: 2022 | M10: 2015 | N10: 2016 | O10: 2017 | P10: 2018 | Q10: 2019 | R10: 2020 | S10: 2021 | T10: 2022 | V10: 2015 | W10: 2016 | X10: 2017 | Y10: 2018 | Z10: 2019 | AA10: 2020 | AB10: 2021 | AC10: 2022
A12: Data source | D12: KP90 | E12: KP90 | F12: MHSDS/Acute | G12: MHSDS/Acute | H12: MHSDS2 | I12: MHSDS2 | J12: MHSDS2 | K12: MHSDS2 | M12: KP90 | N12: KP90 | O12: MHSDS/Acute | P12: MHSDS/Acute | Q12: MHSDS2 | R12: MHSDS2 | S12: MHSDS2 | T12: MHSDS2 | V12: KP90 | W12: KP90 | X12: MHSDS/Acute | Y12: MHSDS/Acute | Z12: MHSDS2 | AA12: MHSDS2 | AB12: MHSDS2 | AC12: MHSDS2
A14: All Providers1 | D14: 25117 | E14: 25577 | F14: 20401 | G14: 21439 | H14: 21196 | I14: 20312 | J14: 20494 | K14: tag_table5_1 | M14: 19656 | N14: 20151 | O14: 14889 | P14: 15918 | Q14: 15456 | R14: 14555 | S14: 14800 | T14: tag_table5_4 | V14: 5461 | W14: 5426 | X14: 5149 | Y14: 5175 | Z14: 5385 | AA14: 5468 | AB14: 5449 | AC14: tag_table5_7
A16: NHS Providers | D16: 19550 | E16: 19515 | F16: 16935 | G16: 18115 | H16: 17900 | I16: 16740 | J16: 17030 | K16: tag_table5_2 | M16: 14210 | N16: 14195 | O16: 11415 | P16: 12555 | Q16: 12195 | R16: 11055 | S16: 11360 | T16: tag_table5_5 | V16: 5340 | W16: 5320 | X16: 5180 | Y16: 5215 | Z16: 5395 | AA16: 5455 | AB16: 5440 | AC16: tag_table5_8
A17: Independent Providers | D17: 5565 | E17: 6060 | F17: 3500 | G17: 3375 | H17: 3285 | I17: 3515 | J17: 3445 | M17: 5445 | N17: 5955 | O17: 3410 | P17: 3330 | Q17: 3220 | R17: 3450 | S17: 3395 | V17: 120 | W17: 105 | X17: 60 | Y17: 40 | Z17: 50 | AA17: 50 | AB17: 35
A19: Mental Health & Learning Difficulty service providers
B20: RBS | C20: ALDER HEY CHILDREN'S NHS FOUNDATION TRUST | D20: - | E20: - | F20: * | G20: * | H20: * | I20: - | J20: - | K20: tag_table5_3 | M20: - | N20: - | O20: * | P20: * | Q20: * | R20: - | S20: - | T20: tag_table5_6 | V20: - | W20: - | X20: * | Y20: * | Z20: * | AA20: - | AB20: - | AC20: tag_table5_9
B21: RVN | C21: AVON AND WILTSHIRE MENTAL HEALTH PARTNERSHIP NHS TRUST | D21: 480 | E21: 510 | F21: 480 | G21: 500 | H21: 520 | I21: 485 | J21: 510 | M21: 320 | N21: 365 | O21: 335 | P21: 330 | Q21: 340 | R21: 290 | S21: 300 | V21: 160 | W21: 145 | X21: 135 | Y21: 160 | Z21: 170 | AA21: 190 | AB21: 205
B22: RRP | C22: BARNET, ENFIELD AND HARINGEY MENTAL HEALTH NHS TRUST | D22: 415 | E22: 440 | F22: 525 | G22: 510 | H22: 560 | I22: 560 | J22: 580 | M22: 315 | N22: 360 | O22: 95 | P22: 95 | Q22: 100 | R22: 90 | S22: 95 | V22: 100 | W22: 80 | X22: 430 | Y22: 410 | Z22: 460 | AA22: 460 | AB22: 475
B23: RWX | C23: BERKSHIRE HEALTHCARE NHS FOUNDATION TRUST | D23: 120 | E23: 120 | F23: * | G23: 105 | H23: 145 | I23: 140 | J23: 120 | M23: 80 | N23: 85 | O23: * | P23: 40 | Q23: 90 | R23: 95 | S23: 90 | V23: 35 | W23: 35 | X23: * | Y23: 50 | Z23: 50 | AA23: 40 | AB23: 30
B24: RXT | C24: BIRMINGHAM AND SOLIHULL MENTAL HEALTH NHS FOUNDATION TRUST | D24: 730 | E24: 705 | F24: 770 | G24: 805 | H24: 860 | I24: 860 | J24: 910 | M24: 520 | N24: 505 | O24: 500 | P24: 520 | Q24: 550 | R24: 545 | S24: 545 | V24: 210 | W24: 205 | X24: 270 | Y24: 285 | Z24: 310 | AA24: 315 | AB24: 360
B25: TAJ | C25: BLACK COUNTRY PARTNERSHIP NHS FOUNDATION TRUST | D25: 150 | E25: 130 | F25: 50 | G25: 35 | H25: 85 | I25: 85 | J25: 115 | M25: 95 | N25: 85 | O25: 50 | P25: 35 | Q25: 85 | R25: 85 | S25: 115 | V25: 50 | W25: 45 | X25: * | Y25: * | Z25: * | AA25: - | AB25: -
B26: TAD | C26: BRADFORD DISTRICT CARE TRUST | D26: 205 | E26: 200 | F26: 205 | G26: 220 | H26: 180 | I26: 175 | J26: 155 | M26: 135 | N26: 140 | O26: 125 | P26: 135 | Q26: 145 | R26: 130 | S26: 115 | V26: 70 | W26: 60 | X26: 80 | Y26: 85 | Z26: 15 | AA26: 30 | AB26: 35
B27: RT1 | C27: CAMBRIDGESHIRE AND PETERBOROUGH NHS FOUNDATION TRUST | D27: 165 | E27: 145 | F27: 85 | G27: 95 | H27: 100 | I27: 80 | J27: 90 | M27: 100 | N27: 90 | O27: 80 | P27: 95 | Q27: 100 | R27: 80 | S27: 90 | V27: 65 | W27: 60 | X27: * | Y27: * | Z27: * | AA27: - | AB27: -
B28: TAF | C28: CAMDEN AND ISLINGTON NHS FOUNDATION TRUST | D28: 315 | E28: 285 | F28: 415 | G28: 400 | H28: 420 | I28: 395 | J28: 400 | M28: 170 | N28: 165 | O28: 205 | P28: 210 | Q28: 200 | R28: 170 | S28: 200 | V28: 145 | W28: 120 | X28: 205 | Y28: 190 | Z28: 215 | AA28: 220 | AB28: 195
B29: RV3 | C29: CENTRAL AND NORTH WEST LONDON NHS FOUNDATION TRUST | D29: 935 | E29: 880 | F29: 760 | G29: 730 | H29: 815 | I29: 750 | J29: 840 | M29: 775 | N29: 680 | O29: 420 | P29: 460 | Q29: 485 | R29: 390 | S29: 440 | V29: 160 | W29: 200 | X29: 240 | Y29: 230 | Z29: 315 | AA29: 345 | AB29: 385
B30: RXA | C30: CHESHIRE AND WIRRAL PARTNERSHIP NHS FOUNDATION TRUST | D30: 295 | E30: 380 | F30: 350 | G30: 375 | H30: 360 | I30: 355 | J30: 365 | M30: 155 | N30: 230 | O30: 205 | P30: 210 | Q30: 185 | R30: 180 | S30: 200 | V30: 145 | W30: 150 | X30: 145 | Y30: 165 | Z30: 175 | AA30: 175 | AB30: 165
B31: RJ8 | C31: CORNWALL PARTNERSHIP NHS FOUNDATION TRUST | D31: 120 | E31: 105 | F31: 125 | G31: 105 | H31: 100 | I31: 115 | J31: 125 | M31: 80 | N31: 75 | O31: 85 | P31: 70 | Q31: 50 | R31: 75 | S31: 80 | V31: 40 | W31: 30 | X31: 45 | Y31: 35 | Z31: 50 | AA31: 40 | AB31: 40
B32: RYG | C32: COVENTRY AND WARWICKSHIRE PARTNERSHIP NHS TRUST | D32: 355 | E32: 320 | F32: 200 | G32: 220 | H32: 255 | I32: 220 | J32: 230 | M32: 255 | N32: 245 | O32: 125 | P32: 150 | Q32: 200 | R32: 170 | S32: 165 | V32: 100 | W32: 75 | X32: 75 | Y32: 70 | Z32: 60 | AA32: 45 | AB32: 60
B33: RY8 | C33: DERBYSHIRE COMMUNITY HEALTH SERVICES NHS FOUNDATION TRUST | D33: 10 | E33: 25 | F33: * | G33: * | H33: 5 | I33: - | J33: 15 | M33: 10 | N33: 25 | O33: * | P33: * | Q33: 5 | R33: - | S33: 15 | V33: * | W33: * | X33: * | Y33: * | Z33: * | AA33: - | AB33: -
B34: RXM | C34: DERBYSHIRE HEALTHCARE NHS FOUNDATION TRUST | D34: 245 | E34: 225 | F34: 235 | G34: 230 | H34: 235 | I34: 230 | J34: 200 | M34: 140 | N34: 120 | O34: 130 | P34: 125 | Q34: 135 | R34: 115 | S34: 100 | V34: 100 | W34: 110 | X34: 105 | Y34: 105 | Z34: 100 | AA34: 115 | AB34: 95
B35: RWV | C35: DEVON PARTNERSHIP NHS TRUST | D35: 255 | E35: 285 | F35: 150 | G35: 145 | H35: 160 | I35: 135 | J35: 140 | M35: 185 | N35: 215 | O35: 140 | P35: 130 | Q35: 145 | R35: 125 | S35: 130 | V35: 70 | W35: 70 | X35: 10 | Y35: 15 | Z35: 15 | AA35: 10 | AB35: 5
B36: RWK | C36: EAST LONDON NHS FOUNDATION TRUST | D36: 650 | E36: 790 | F36: 755 | G36: 805 | H36: 805 | I36: 685 | J36: 690 | M36: 475 | N36: 560 | O36: 520 | P36: 580 | Q36: 605 | R36: 495 | S36: 555 | V36: 175 | W36: 225 | X36: 220 | Y36: 215 | Z36: 190 | AA36: 185 | AB36: 130
B37: R1L | C37: ESSEX PARTNERSHIP UNIVERSITY FOUNDATION TRUST | D37: - | E37: - | F37: - | G37: 345 | H37: 365 | I37: 355 | J37: 350 | M37: - | N37: - | O37: - | P37: 325 | Q37: 325 | R37: 305 | S37: 300 | V37: - | W37: - | X37: - | Y37: 20 | Z37: 35 | AA37: 50 | AB37: 50
B38: RTQ | C38: GLOUCESTERSHIRE HEALTH AND CARE NHS FOUNDATION TRUST | D38: 175 | E38: 180 | F38: 220 | G38: 210 | H38: 220 | I38: 195 | J38: 175 | M38: 95 | N38: 115 | O38: 145 | P38: 130 | Q38: 140 | R38: 105 | S38: 105 | V38: 80 | W38: 70 | X38: 65 | Y38: 65 | Z38: 65 | AA38: 80 | AB38: 65
B39: RXV | C39: GREATER MANCHESTER MENTAL HEALTH NHS FOUNDATION TRUST | D39: 475 | E39: 430 | F39: 530 | G39: 825 | H39: 855 | I39: 645 | J39: 600 | M39: 380 | N39: 350 | O39: 385 | P39: 560 | Q39: 535 | R39: 390 | S39: 405 | V39: 95 | W39: 75 | X39: 125 | Y39: 245 | Z39: 280 | AA39: 235 | AB39: 195
B40: RWR | C40: HERTFORDSHIRE PARTNERSHIP UNIVERSITY NHS FOUNDATION TRUST | D40: 295 | E40: 300 | F40: 265 | G40: 280 | H40: 325 | I40: 345 | J40: 380 | M40: 225 | N40: 220 | O40: 200 | P40: 160 | Q40: 180 | R40: 230 | S40: 235 | V40: 70 | W40: 80 | X40: 65 | Y40: 75 | Z40: 95 | AA40: 115 | AB40: 140
B41: RV9 | C41: HUMBER NHS FOUNDATION TRUST | D41: 195 | E41: 195 | F41: 215 | G41: 205 | H41: 175 | I41: 170 | J41: 190 | M41: 150 | N41: 155 | O41: 155 | P41: 145 | Q41: 115 | R41: 105 | S41: 120 | V41: 45 | W41: 40 | X41: 55 | Y41: 60 | Z41: 55 | AA41: 55 | AB41: 60
B42: R1F | C42: ISLE OF WIGHT NHS TRUST | D42: 35 | E42: 45 | F42: - | G42: 30 | H42: 35 | I42: 20 | J42: 30 | M42: 25 | N42: 30 | O42: - | P42: 20 | Q42: 25 | R42: 15 | S42: 20 | V42: 10 | W42: 10 | X42: - | Y42: 10 | Z42: 5 | AA42: 5 | AB42: 5
B43: RXY | C43: KENT AND MEDWAY NHS AND SOCIAL CARE PARTNERSHIP TRUST | D43: 370 | E43: 365 | F43: 410 | G43: 370 | H43: 380 | I43: 385 | J43: 440 | M43: 270 | N43: 275 | O43: 275 | P43: 250 | Q43: 270 | R43: 270 | S43: 270 | V43: 100 | W43: 90 | X43: 115 | Y43: 105 | Z43: 100 | AA43: 105 | AB43: 145
B44: RW5 | C44: LANCASHIRE CARE NHS FOUNDATION TRUST | D44: 475 | E44: 500 | F44: 520 | G44: 485 | H44: 465 | I44: 405 | J44: 160 | M44: 335 | N44: 340 | O44: * | P44: * | Q44: * | R44: - | S44: 20 | V44: 140 | W44: 160 | X44: 500 | Y44: 460 | Z44: 440 | AA44: 390 | AB44: 130
B45: RGD | C45: LEEDS AND YORK PARTNERSHIP NHS FOUNDATION TRUST | D45: 455 | E45: 405 | F45: 340 | G45: 370 | H45: 360 | I45: 340 | J45: 370 | M45: 290 | N45: 255 | O45: 240 | P45: 250 | Q45: 250 | R45: 235 | S45: 245 | V45: 160 | W45: 150 | X45: 95 | Y45: 110 | Z45: 105 | AA45: 105 | AB45: 125
B46: RY6 | C46: LEEDS COMMUNITY HEALTHCARE NHS TRUST | D46: * | E46: 5 | F46: * | G46: * | H46: * | I46: 5 | J46: 5 | M46: * | N46: 5 | O46: * | P46: * | Q46: * | R46: 5 | S46: 5 | V46: * | W46: * | X46: * | Y46: * | Z46: * | AA46: - | AB46: -
B47: RT5 | C47: LEICESTERSHIRE PARTNERSHIP NHS TRUST | D47: 285 | E47: 270 | F47: - | G47: - | H47: 280 | I47: 230 | J47: 225 | M47: 200 | N47: 190 | O47: - | P47: - | Q47: 180 | R47: 170 | S47: 170 | V47: 80 | W47: 80 | X47: - | Y47: - | Z47: 100 | AA47: 60 | AB47: 55
B48: RP7 | C48: LINCOLNSHIRE PARTNERSHIP NHS FOUNDATION TRUST | D48: 175 | E48: 130 | F48: 130 | G48: 145 | H48: 110 | I48: 110 | J48: 100 | M48: 140 | N48: 95 | O48: 85 | P48: 100 | Q48: 105 | R48: 110 | S48: 100 | V48: 35 | W48: 35 | X48: 40 | Y48: 40 | Z48: * | AA48: - | AB48: -
B49: R0A | C49: MANCHESTER UNIVERSITY NHS FOUNDATION TRUST | D49: - | E49: - | F49: - | G49: - | H49: - | I49: - | J49: - | M49: - | N49: - | O49: - | P49: - | Q49: - | R49: - | S49: - | V49: - | W49: - | X49: - | Y49: - | Z49: - | AA49: - | AB49: -
B50: RW4 | C50: MERSEY CARE NHS TRUST | D50: 580 | E50: 595 | F50: 600 | G50: 465 | H50: 560 | I50: 540 | J50: 750 | M50: 420 | N50: 440 | O50: 600 | P50: 465 | Q50: 560 | R50: 540 | S50: 550 | V50: 160 | W50: 160 | X50: * | Y50: * | Z50: * | AA50: - | AB50: 165
B51: RMY | C51: NORFOLK AND SUFFOLK NHS FOUNDATION TRUST | D51: 345 | E51: 335 | F51: 380 | G51: 370 | H51: 370 | I51: 345 | J51: 375 | M51: 220 | N51: 220 | O51: 230 | P51: 240 | Q51: 255 | R51: 215 | S51: 270 | V51: 120 | W51: 115 | X51: 150 | Y51: 125 | Z51: 115 | AA51: 130 | AB51: 100
B52: RAT | C52: NORTH EAST LONDON NHS FOUNDATION TRUST | D52: 265 | E52: 265 | F52: 320 | G52: 305 | H52: 310 | I52: 305 | J52: 295 | M52: 125 | N52: 135 | O52: 35 | P52: 30 | Q52: 55 | R52: 35 | S52: 20 | V52: 140 | W52: 130 | X52: 280 | Y52: 270 | Z52: 250 | AA52: 270 | AB52: 270
B53: RLY | C53: NORTH STAFFORDSHIRE COMBINED HEALTHCARE NHS TRUST | D53: 155 | E53: 155 | F53: 115 | G53: 110 | H53: 130 | I53: 35 | J53: 95 | M53: 115 | N53: 115 | O53: 85 | P53: 65 | Q53: 80 | R53: - | S53: 70 | V53: 45 | W53: 40 | X53: 25 | Y53: 35 | Z53: 40 | AA53: 30 | AB53: 25
B54: RTV | C54: NORTH WEST BOROUGHS HEALTHCARE NHS FOUNDATION TRUST | D54: 245 | E54: 215 | F54: 25 | G54: 185 | H54: 180 | I54: 255 | J54: 240 | M54: 185 | N54: 185 | O54: 10 | P54: 180 | Q54: 175 | R54: 165 | S54: 165 | V54: 60 | W54: 30 | X54: * | Y54: * | Z54: * | AA54: 85 | AB54: 70
B55: RP1 | C55: NORTHAMPTONSHIRE HEALTHCARE NHS FOUNDATION TRUST | D55: 125 | E55: 110 | F55: 30 | G55: 45 | H55: 120 | I55: 130 | J55: 140 | M55: 90 | N55: 75 | O55: 30 | P55: 40 | Q55: 70 | R55: 80 | S55: 85 | V55: 35 | W55: 35 | X55: * | Y55: * | Z55: 45 | AA55: 40 | AB55: 40
B56: RX4 | C56: NORTHUMBERLAND, TYNE AND WEAR NHS FOUNDATION TRUST | D56: 775 | E56: 750 | F56: 695 | G56: 705 | H56: 650 | I56: 745 | J56: 695 | M56: 565 | N56: 510 | O56: 470 | P56: 510 | Q56: 470 | R56: 520 | S56: 530 | V56: 210 | W56: 245 | X56: 215 | Y56: 185 | Z56: 175 | AA56: 220 | AB56: 160
B57: RTF | C57: NORTHUMBRIA HEALTHCARE NHS FOUNDATION TRUST | D57: 25 | E57: 25 | F57: - | G57: 15 | H57: 15 | I57: 10 | J57: * | M57: 20 | N57: 25 | O57: - | P57: 15 | Q57: 15 | R57: 10 | S57: * | V57: * | W57: * | X57: - | Y57: * | Z57: * | AA57: - | AB57: -
B58: RHA | C58: NOTTINGHAMSHIRE HEALTHCARE NHS FOUNDATION TRUST | D58: 855 | E58: 855 | F58: 805 | G58: 765 | H58: 755 | I58: 635 | J58: 670 | M58: 725 | N58: 725 | O58: 695 | P58: 690 | Q58: 675 | R58: 510 | S58: 525 | V58: 130 | W58: 135 | X58: 105 | Y58: 75 | Z58: 75 | AA58: 125 | AB58: 145
B59: RNU | C59: OXFORD HEALTH NHS FOUNDATION TRUST | D59: 425 | E59: 440 | F59: 430 | G59: 435 | H59: 455 | I59: 435 | J59: 410 | M59: 365 | N59: 375 | O59: 330 | P59: 335 | Q59: 355 | R59: 320 | S59: 325 | V59: 60 | W59: 65 | X59: 100 | Y59: 100 | Z59: 100 | AA59: 115 | AB59: 85
B60: RPG | C60: OXLEAS NHS FOUNDATION TRUST | D60: 360 | E60: 345 | F60: 245 | G60: 285 | H60: 300 | I60: 210 | J60: 290 | M60: 250 | N60: 265 | O60: 170 | P60: 220 | Q60: 220 | R60: 205 | S60: 205 | V60: 110 | W60: 75 | X60: 70 | Y60: 60 | Z60: 75 | AA60: - | AB60: 80
B61: RT2 | C61: PENNINE CARE NHS FOUNDATION TRUST | D61: 495 | E61: 520 | F61: 450 | G61: 465 | H61: 510 | I61: 215 | J61: 200 | M61: 330 | N61: 370 | O61: 315 | P61: 315 | Q61: 360 | R61: 215 | S61: 200 | V61: 165 | W61: 150 | X61: 135 | Y61: 145 | Z61: 145 | AA61: - | AB61: -
B62: RXE | C62: ROTHERHAM DONCASTER AND SOUTH HUMBER NHS FOUNDATION TRUST | D62: 210 | E62: 255 | F62: 200 | G62: 135 | H62: 145 | I62: 130 | J62: 115 | M62: 165 | N62: 210 | O62: 140 | P62: 95 | Q62: 110 | R62: 125 | S62: 110 | V62: 40 | W62: 45 | X62: 30 | Y62: 15 | Z62: 10 | AA62: 5 | AB62: 5
B63: RCU | C63: SHEFFIELD CHILDREN'S NHS FOUNDATION TRUST | D63: 10 | E63: 5 | F63: 10 | G63: 10 | H63: 10 | I63: 5 | J63: 5 | M63: 10 | N63: 5 | O63: 10 | P63: 10 | Q63: 5 | R63: 5 | S63: 5 | V63: * | W63: * | X63: * | Y63: * | Z63: * | AA63: - | AB63: -
B64: TAH | C64: SHEFFIELD HEALTH AND SOCIAL CARE NHS FOUNDATION TRUST | D64: 180 | E64: 200 | F64: 205 | G64: 210 | H64: 210 | I64: 220 | J64: 210 | M64: 130 | N64: 125 | O64: 120 | P64: 130 | Q64: 125 | R64: 130 | S64: 130 | V64: 50 | W64: 75 | X64: 85 | Y64: 80 | Z64: 85 | AA64: 85 | AB64: 80
B65: R1C | C65: SOLENT NHS TRUST | D65: 40 | E65: 30 | F65: 60 | G65: 50 | H65: 55 | I65: 40 | J65: 30 | M65: 40 | N65: 30 | O65: 40 | P65: 50 | Q65: 50 | R65: 40 | S65: 30 | V65: 5 | W65: * | X65: 15 | Y65: * | Z65: * | AA65: * | AB65: -
B66: RH5 | C66: SOMERSET PARTNERSHIP NHS FOUNDATION TRUST | D66: 115 | E66: 90 | F66: 25 | G66: 40 | H66: 80 | I66: 25 | J66: 30 | M66: 95 | N66: 70 | O66: 25 | P66: 40 | Q66: 35 | R66: 25 | S66: 30 | V66: 20 | W66: 20 | X66: * | Y66: * | Z66: 45 | AA66: - | AB66: -
B67: RV5 | C67: SOUTH LONDON AND MAUDSLEY NHS FOUNDATION TRUST | D67: 540 | E67: 665 | F67: 465 | G67: 505 | H67: 465 | I67: 660 | J67: 800 | M67: 495 | N67: 620 | O67: 460 | P67: 490 | Q67: 460 | R67: 415 | S67: 510 | V67: 45 | W67: 45 | X67: * | Y67: * | Z67: * | AA67: 235 | AB67: 285
B68: RRE | C68: SOUTH STAFFORDSHIRE AND SHROPSHIRE HEALTHCARE NHS FOUNDATION TRUST | D68: 265 | E68: 310 | F68: 255 | G68: 230 | H68: 200 | I68: 205 | J68: 235 | M68: 195 | N68: 215 | O68: 180 | P68: 165 | Q68: 135 | R68: 140 | S68: 175 | V68: 65 | W68: 100 | X68: 70 | Y68: 60 | Z68: 60 | AA68: 65 | AB68: 55
B69: RQY | C69: SOUTH WEST LONDON AND ST GEORGE'S MENTAL HEALTH NHS TRUST | D69: 410 | E69: 420 | F69: 410 | G69: 430 | H69: 395 | I69: 400 | J69: 420 | M69: 250 | N69: 260 | O69: 265 | P69: 285 | Q69: 270 | R69: 250 | S69: 255 | V69: 160 | W69: 160 | X69: 140 | Y69: 140 | Z69: 120 | AA69: 145 | AB69: 160
B70: RXG | C70: SOUTH WEST YORKSHIRE PARTNERSHIP NHS FOUNDATION TRUST | D70: 395 | E70: 350 | F70: 360 | G70: 380 | H70: * | I70: 300 | J70: 285 | M70: 275 | N70: 245 | O70: 280 | P70: 300 | Q70: * | R70: 290 | S70: 280 | V70: 115 | W70: 105 | X70: 80 | Y70: 75 | Z70: * | AA70: - | AB70: -
B71: RW1 | C71: SOUTHERN HEALTH NHS FOUNDATION TRUST | D71: 520 | E71: 355 | F71: 450 | G71: 430 | H71: 425 | I71: 390 | J71: 265 | M71: 425 | N71: 280 | O71: 315 | P71: 320 | Q71: 315 | R71: 270 | S71: 170 | V71: 95 | W71: 75 | X71: 130 | Y71: 110 | Z71: 100 | AA71: 115 | AB71: 90
B72: RXX | C72: SURREY AND BORDERS PARTNERSHIP NHS FOUNDATION TRUST | D72: 150 | E72: 155 | F72: 130 | G72: 160 | H72: 210 | I72: 120 | J72: * | M72: 95 | N72: 105 | O72: 90 | P72: 125 | Q72: 120 | R72: 115 | S72: - | V72: 55 | W72: 50 | X72: 35 | Y72: 30 | Z72: 90 | AA72: - | AB72: -
B73: RX2 | C73: SUSSEX PARTNERSHIP NHS FOUNDATION TRUST | D73: 475 | E73: 515 | F73: 255 | G73: 395 | H73: 410 | I73: 435 | J73: 460 | M73: 320 | N73: 335 | O73: 250 | P73: 390 | Q73: 405 | R73: 365 | S73: 395 | V73: 155 | W73: 175 | X73: * | Y73: * | Z73: * | AA73: 65 | AB73: 65
B74: RX3 | C74: TEES, ESK AND WEAR VALLEYS NHS FOUNDATION TRUST | D74: 770 | E74: 895 | F74: 715 | G74: 715 | H74: 650 | I74: 635 | J74: 640 | M74: 560 | N74: 560 | O74: 520 | P74: 540 | Q74: 500 | R74: 475 | S74: 470 | V74: 210 | W74: 340 | X74: 190 | Y74: 175 | Z74: 150 | AA74: 160 | AB74: 165
B75: RKL | C75: WEST LONDON MENTAL HEALTH NHS TRUST | D75: 775 | E75: 775 | F75: 760 | G75: 785 | H75: 770 | I75: 720 | J75: 760 | M75: 645 | N75: 640 | O75: 640 | P75: 620 | Q75: 595 | R75: 545 | S75: 565 | V75: 130 | W75: 135 | X75: 115 | Y75: 160 | Z75: 170 | AA75: 175 | AB75: 190
B76: R1A | C76: WORCESTERSHIRE HEALTH AND CARE NHS TRUST | D76: 160 | E76: 90 | F76: 95 | G76: 100 | H76: 120 | I76: 115 | J76: 145 | M76: 125 | N76: 60 | O76: 65 | P76: 55 | Q76: 60 | R76: 55 | S76: 65 | V76: 35 | W76: 30 | X76: 30 | Y76: 50 | Z76: 60 | AA76: 60 | AB76: 80
A78: Acute Trusts
B79: REM | C79: AINTREE UNIVERSITY HOSPITAL NHS FOUNDATION TRUST | D79: - | E79: - | F79: * | G79: - | H79: - | I79: - | J79: - | M79: - | N79: - | O79: * | P79: - | Q79: - | R79: - | S79: - | V79: - | W79: - | X79: * | Y79: - | Z79: - | AA79: - | AB79: -
B80: RTK | C80: ASHFORD AND ST PETER'S HOSPITALS NHS FOUNDATION TRUST | D80: - | E80: - | F80: - | G80: * | H80: - | I80: - | J80: - | M80: - | N80: - | O80: - | P80: * | Q80: - | R80: - | S80: - | V80: - | W80: - | X80: - | Y80: - | Z80: - | AA80: - | AB80: -
B81: R1H | C81: BARTS HEALTH NHS TRUST | D81: * | E81: 5 | F81: 5 | G81: - | H81: - | I81: - | J81: - | M81: * | N81: 5 | O81: 5 | P81: - | Q81: - | R81: - | S81: - | V81: * | W81: * | X81: * | Y81: - | Z81: - | AA81: - | AB81: -
B82: RYW | C82: BIRMINGHAM COMMUNITY HEALTHCARE NHS TRUST | D82: 45 | E82: 25 | F82: * | G82: * | H82: 5 | I82: 10 | J82: 5 | M82: 35 | N82: 15 | O82: * | P82: * | Q82: * | R82: - | S82: - | V82: 10 | W82: 10 | X82: * | Y82: - | Z82: * | AA82: - | AB82: -
B83: RQ3 | C83: BIRMINGHAM WOMEN'S AND CHILDREN'S NHS FOUNDATION TRUST | D83: - | E83: - | F83: * | G83: 5 | H83: * | I83: - | J83: - | M83: - | N83: - | O83: - | P83: 5 | Q83: * | R83: - | S83: - | V83: - | W83: - | X83: - | Y83: * | Z83: * | AA83: - | AB83: -
B84: RAE | C84: BRADFORD TEACHING HOSPITALS NHS FOUNDATION TRUST | D84: - | E84: - | F84: * | G84: - | H84: - | I84: - | J84: - | M84: - | N84: - | O84: * | P84: - | Q84: - | R84: - | S84: - | V84: - | W84: - | X84: * | Y84: - | Z84: - | AA84: - | AB84: -
B85: RXH | C85: BRIGHTON AND SUSSEX UNIVERSITY HOSPITALS NHS TRUST | D85: * | E85: * | F85: * | G85: - | H85: - | I85: - | J85: - | M85: * | N85: * | O85: * | P85: - | Q85: - | R85: - | S85: - | V85: * | W85: * | X85: * | Y85: - | Z85: - | AA85: - | AB85: -
B86: RGT | C86: CAMBRIDGE UNIVERSITY HOSPITALS NHS FOUNDATION TRUST | D86: * | E86: * | F86: * | G86: * | H86: - | I86: - | J86: - | M86: * | N86: * | O86: * | P86: * | Q86: - | R86: - | S86: - | V86: * | W86: * | X86: * | Y86: - | Z86: - | AA86: - | AB86: -
B87: RW3 | C87: CENTRAL MANCHESTER UNIVERSITY HOSPITALS NHS FOUNDATION TRUST | D87: * | E87: * | F87: - | G87: - | H87: - | I87: - | J87: - | M87: * | N87: * | O87: - | P87: - | Q87: - | R87: - | S87: - | V87: * | W87: * | X87: - | Y87: - | Z87: - | AA87: - | AB87: -
B88: RQM | C88: CHELSEA AND WESTMINSTER HOSPITAL NHS FOUNDATION TRUST | D88: 5 | E88: * | F88: - | G88: - | H88: - | I88: - | J88: - | M88: 5 | N88: * | O88: - | P88: - | Q88: - | R88: - | S88: - | V88: * | W88: * | X88: - | Y88: - | Z88: - | AA88: - | AB88: -
B89: RLN | C89: CITY HOSPITALS SUNDERLAND NHS FOUNDATION TRUST | D89: - | E89: - | F89: * | G89: * | H89: - | I89: - | J89: - | M89: - | N89: - | O89: * | P89: * | Q89: - | R89: - | S89: - | V89: - | W89: - | X89: * | Y89: - | Z89: - | AA89: - | AB89: -
B90: RJR | C90: COUNTESS OF CHESTER HOSPITAL NHS FOUNDATION TRUST | D90: - | E90: - | F90: * | G90: * | H90: - | I90: - | J90: - | M90: - | N90: - | O90: * | P90: * | Q90: - | R90: - | S90: - | V90: - | W90: - | X90: * | Y90: - | Z90: - | AA90: - | AB90: -
B91: RXP | C91: COUNTY DURHAM AND DARLINGTON NHS FOUNDATION TRUST | D91: * | E91: * | F91: * | G91: 35 | H91: - | I91: - | J91: - | M91: * | N91: * | O91: * | P91: 35 | Q91: - | R91: - | S91: - | V91: * | W91: * | X91: * | Y91: - | Z91: - | AA91: - | AB91: -
B92: RJN | C92: EAST CHESHIRE NHS TRUST | D92: - | E92: - | F92: * | G92: * | H92: - | I92: - | J92: - | M92: - | N92: - | O92: * | P92: * | Q92: - | R92: - | S92: - | V92: - | W92: - | X92: * | Y92: - | Z92: - | AA92: - | AB92: -
B93: RXC | C93: EAST SUSSEX HEALTHCARE NHS TRUST | D93: * | E93: * | F93: * | G93: * | H93: - | I93: - | J93: - | M93: * | N93: * | O93: * | P93: * | Q93: - | R93: - | S93: - | V93: * | W93: * | X93: * | Y93: * | Z93: - | AA93: - | AB93: -
B94: RDU | C94: FRIMLEY HEALTH NHS FOUNDATION TRUST | D94: * | E94: * | F94: * | G94: * | H94: - | I94: - | J94: - | M94: * | N94: * | O94: * | P94: * | Q94: - | R94: - | S94: - | V94: * | W94: * | X94: * | Y94: - | Z94: - | AA94: - | AB94: -
B95: RTE | C95: GLOUCESTERSHIRE HOSPITALS NHS FOUNDATION TRUST | D95: - | E95: - | F95: - | G95: * | H95: - | I95: - | J95: - | M95: - | N95: - | O95: - | P95: * | Q95: - | R95: - | S95: - | V95: - | W95: - | X95: - | Y95: - | Z95: - | AA95: - | AB95: -
B96: RN3 | C96: GREAT WESTERN HOSPITALS NHS FOUNDATION TRUST | D96: * | E96: * | F96: * | G96: 40 | H96: - | I96: - | J96: - | M96: * | N96: * | O96: * | P96: 40 | Q96: - | R96: - | S96: - | V96: * | W96: * | X96: * | Y96: - | Z96: - | AA96: - | AB96: -
B97: RJ1 | C97: GUY'S AND ST THOMAS' NHS FOUNDATION TRUST | D97: * | E97: * | F97: * | G97: * | H97: - | I97: - | J97: - | M97: * | N97: * | O97: * | P97: * | Q97: - | R97: - | S97: - | V97: * | W97: * | X97: * | Y97: - | Z97: - | AA97: - | AB97: -
B98: RCD | C98: HARROGATE AND DISTRICT NHS FOUNDATION TRUST | D98: - | E98: - | F98: * | G98: 20 | H98: - | I98: - | J98: - | M98: - | N98: - | O98: * | P98: 20 | Q98: - | R98: - | S98: - | V98: - | W98: - | X98: * | Y98: * | Z98: - | AA98: - | AB98: -
B99: RWA | C99: HULL AND EAST YORKSHIRE HOSPITALS NHS FOUNDATION TRUST | D99: - | E99: - | F99: - | G99: * | H99: - | I99: - | J99: - | M99: - | N99: - | O99: - | P99: * | Q99: - | R99: - | S99: - | V99: - | W99: - | X99: - | Y99: - | Z99: - | AA99: - | AB99: -
B100: RYJ | C100: IMPERIAL COLLEGE HEALTHCARE NHS TRUST | D100: * | E100: * | F100: * | G100: * | H100: - | I100: - | J100: - | M100: * | N100: * | O100: * | P100: * | Q100: - | R100: - | S100: - | V100: * | W100: * | X100: * | Y100: - | Z100: - | AA100: - | AB100: -
B101: RYY | C101: KENT COMMUNITY HEALTH NHS FOUNDATION TRUST | D101: * | E101: * | F101: - | G101: - | H101: - | I101: - | J101: - | M101: * | N101: * | O101: - | P101: - | Q101: - | R101: - | S101: - | V101: * | W101: * | X101: - | Y101: - | Z101: - | AA101: - | AB101: -
B102: RJZ | C102: KING'S COLLEGE HOSPITAL NHS FOUNDATION TRUST | D102: - | E102: - | F102: * | G102: * | H102: - | I102: - | J102: - | M102: - | N102: - | O102: * | P102: * | Q102: - | R102: - | S102: - | V102: - | W102: - | X102: * | Y102: - | Z102: - | AA102: - | AB102: -
B103: RAX | C103: KINGSTON HOSPITAL NHS FOUNDATION TRUST | D103: 10 | E103: * | F103: * | G103: - | H103: - | I103: - | J103: - | M103: 10 | N103: * | O103: * | P103: - | Q103: - | R103: - | S103: - | V103: * | W103: * | X103: * | Y103: - | Z103: - | AA103: - | AB103: -
B104: RXN | C104: LANCASHIRE TEACHING HOSPITALS NHS FOUNDATION TRUST | D104: - | E104: - | F104: * | G104: * | H104: - | I104: - | J104: - | M104: - | N104: - | O104: * | P104: * | Q104: - | R104: - | S104: - | V104: - | W104: - | X104: * | Y104: - | Z104: - | AA104: - | AB104: -
B105: RR8 | C105: LEEDS TEACHING HOSPITALS NHS TRUST | D105: - | E105: - | F105: * | G105: * | H105: * | I105: - | J105: - | M105: - | N105: - | O105: * | P105: * | Q105: * | R105: - | S105: - | V105: - | W105: - | X105: * | Y105: * | Z105: * | AA105: - | AB105: -
B106: RJ2 | C106: LEWISHAM AND GREENWICH NHS TRUST | D106: - | E106: - | F106: - | G106: * | H106: - | I106: - | J106: - | M106: - | N106: - | O106: - | P106: * | Q106: - | R106: - | S106: - | V106: - | W106: - | X106: - | Y106: - | Z106: - | AA106: - | AB106: -
B107: RM1 | C107: NORFOLK AND NORWICH UNIVERSITY HOSPITALS NHS FOUNDATION TRUST | D107: - | E107: - | F107: - | G107: * | H107: - | I107: - | J107: - | M107: - | N107: - | O107: - | P107: * | Q107: - | R107: - | S107: - | V107: - | W107: - | X107: - | Y107: - | Z107: - | AA107: - | AB107: -
B108: RVJ | C108: NORTH BRISTOL NHS TRUST | D108: * | E108: * | F108: * | G108: * | H108: - | I108: - | J108: - | M108: * | N108: * | O108: * | P108: * | Q108: - | R108: - | S108: - | V108: * | W108: * | X108: * | Y108: - | Z108: - | AA108: - | AB108: -
...

Sheet Table 6
A1: Table 6
A3: People subject to repeated detention under the Mental Health Act 1983, by age group, gender and ethnicity, 2021-22
A5: This table shows how many times each person was detained (repeated detention) under the Mental Health Act 1983 during 2021-22. This type of analysis could not be performed from the KP90 aggregate data collection. Demographic breakdowns use the last set of person characteristics (e.g. age, gender or ethnicity) recorded in the year. This is to prevent instances where one person may have been recorded with different characteristics in different submissions. By taking the latest available demographics this ensures each person is consistently assigned with one age, gender and ethnic group. Caution should therefore be used when interpreting small numbers due to possible data quality issues. Please note that this table shows people subject to repeated detention during 2021-22. It does not take into account detentions that occurred in previous periods.
B8: Number of times person was detained during period
B9: 1 | C9: 2 | D9: 3 | E9: 4 | F9: 5 | G9: 6 | H9: 7 and over | I9: Percentage of people detained more than once (%) | J9: Base Population1
A12: Total people | B12: tag_table6_1
A15: Gender
A16: Male | B16: tag_table6_2
A17: Female
A18: Non-binary
A19: Other (not listed)
A20: Indeterminate
A21: Unknown
A24: Age
A25: 15 and under | B25: tag_table6_3
A26: 16 to 17
A27: 18 to 34
A28: 35 to 49
A29: 50 to 64
A30: 65 and over
A31: Unknown/Not Recorded
A34: Ethnicity
A35: White | B35: tag_table6_4
A36: British
A37: Irish
A38: Other White Background
A40: Mixed | B40: tag_table6_5
A41: White and Black Caribbean
A42: White and Black African
A43: White and Asian
A44: Other Mixed Background
A46: Asian | B46: tag_table6_6
A47: Indian
A48: Pakistani
A49: Bangladeshi
A50: Other Asian background
A52: Black | B52: tag_table6_7
A53: African
A54: Caribbean
A55: Other Black Background
A57: Other | B57: tag_table6_8
A58: Chinese
A59: Any other ethnic group
A61: Not stated | B61: tag_table6_9
A62: Not known
A63: Unknown/ Not Recorded
A66: Source: MHSDS - NHS Digital
A68: Footnotes: 1) ONS mid-year population estimates 2020 are used for the Gender and Age Base Populations. The ONS Census 2011 - table reference: DC2101EW - Ethnic group by sex by age, QS211EW - Ethnic group (detailed) data is used for the Ethnicity base population.
A69: https://www.nomisweb.co.uk/census/2011/LC2101EW/view/2092957699?rows=c_ethpuk11&cols=c_sex
A71: Copyright © 2021, Health and Social Care Information Centre. The Health and Social Care Information Centre is a non-departmental body created by statute, also known as NHS Digital
A72: This work remains the sole and exclusive property of the Health and Social Information Centre and may only be reproduced where there is explicit reference to the ownership of the Health and Social Care Information Centre.

Sheet Table 7a
A1: Table 7a
A3: Discharges from hospital when previously detained under the Mental Health Act 1983, by age group and gender, 2021-22
A5: This table shows the numbers and rates of discharge by age group and gender, for 2021-22. Discharges are counted as people discharged from hospital who have been previously detained. Detentions data are incomplete in 2021-22 so the counts and rates shown are lower than the true figures. However, broad comparisons between groups are valid. Population figures are ONS mid-year population estimates 2020.
B7: Number of discharges | C7: Base Population3 | D7: Crude rate per 100,000 population
A9: All1 | B9: tag_table7a_1
A11: All age groups (where recorded)2 | B11: tag_table7a_2
A13: 17 and under | B13: tag_table7a_3
A14: 15 and under
A15: 16 to 17
A17: 18 and over | B17: tag_table7a_4
A18: 18 to 34
A19: 35 to 49
A20: 50 to 64
A21: 65 and over
A23: All genders (where recorded)2 | B23: tag_table7a_5
A24: Male
A25: Female
A26: Non-Binary - based on Gender identity field
A27: Other (not listed) - based on Gender identity field
A28: Indeterminate - based on Person stated gender field
A31: Sources: MHSDS / MHA Acute 2021-22 - NHS Digital, ONS mid-2019 population estimates for 2020.
A33: Footnotes 1) The total for 'All' detentions is calculated from both the MHSDS and ECDS collections. It includes detentions where the age and gender details were not submitted. The totals for 'All age groups' and 'All genders' are from MHSDS only since the ECDS collection does not allow for further demographic breakdowns. 2) The total for 'All' discharges is calculated from the MHSDS collection. Discharges are calculated with reference to both end of MHA section and end of hospital spell. Where detentions follow concurrently, discharge is only recorded at the end of the final hospital spell rather than for each separate detention. Discharge that occurs in the following year are not shown. Discharges following detention in the previous year are also not shown. Rates of discharge are therefore only shown for broad comparison. 3) The total for 'All genders' is lower than for 'All' as these exclude records where these characteristics were either recorded as 'Not stated' and 'Not known' or where they were not submitted. 4) ONS mid-year population estimates 2020.
A35: Copyright © 2021, Health and Social Care Information Centre. The Health and Social Care Information Centre is a non-departmental body created by statute, also known as NHS Digital
A36: This work remains the sole and exclusive property of the Health and Social Information Centre and may only be reproduced where there is explicit reference to the ownership of the Health and Social Care Information Centre.

Sheet Table 7b
A1: Table 7b
A3: Discharges from hospital when previously detained under the Mental Health Act 1983, by ethnicity, 2021-22
A5: This table shows the numbers and rates of discharge by ethnicity, for 2021-22. Detentions data are incomplete in 2021-22 so the counts and rates shown are lower than the true figures. However, broad comparisons between groups are valid. Population figures are from the 2011 Census as ONS mid-year estimates do not include updates for ethnicity.
A6: The population figures use 2011 Census categories. The 2011 Census introduced the new Gypsy or Irish Traveller and Arab categories. MHSDS does not allow for data to be submitted with these new categories and as such for the purpose of analysis the new Gypsy or Irish Traveller and Arab categories have not been included. The population figure for Gypsy or Irish Traveller is included in the total population figures for the broad category of White and the population figure for Arab is included in the population figures for Any Other Ethnic Group category. The inclusion of these groups could affect the rate for the Any other ethnic group. Although Gypsy and Arab are identified in the population figures, since these groups are not separately identified in the MHSDS, we cannot produce separate rates for these groups. We also do not know which categories these people would have identified as belonging to in the MHSDS. For example, an Arab person may have self-identified as Asian or Any Other Ethnic group and the way this affects the rates shown is unknown. The broad groupings shown below follow the 2001 Census groupings, which are still used in the NHS. However the 2011 census re-positions 'Chinese' from Any other ethnic group to Asian/Asian British. This means that figures using 2011 Census categories will not be comparable with any using 2001 Census categories for 'Any Other Ethnic Group' and 'Asian/Asian British'.
B8: Number of discharges | C8: Base Population3 | D8: Crude rate per 100,000 population | E8: Standardised rate per 100,000 population | F8: Confidence Interval
A10: All1 | B10: tag_table7b_1
A12: All ethnicities (where recorded)2 | B12: tag_table7b_2
A14: Ethnicity
A15: White | B15: tag_table7b_3
A16: White British
A17: White Irish
A18: Any Other White Background
A19: Gypsy or Irish Traveller
A21: Mixed | B21: tag_table7b_4
A22: White and Black Caribbean
A23: White and Black African
A24: White and Asian
A25: Any Other Mixed Background
A27: Asian or Asian British | B27: tag_table7b_5
A28: Indian
A29: Pakistani
A30: Bangladeshi
A31: Any Other Asian Background
A33: Black or Black British | B33: tag_table7b_6
A34: African
A35: Caribbean
A36: Any Other Black Background
A38: Other Ethnic Groups | B38: tag_table7b_7
A39: Chinese
A40: Any Other Ethnic Group
A41: Arab
A44: Sources: MHSDS, ECDS 2021-22 - NHS Digital
A46: Footnotes 1) The total for 'All' is calculated from both the MHSDS and ECDS collections. It includes detentions where the ethnicity was not submitted.Further breakdowns are from MHSDS only since the ECDS collection does not allow for further demographic breakdowns. 2) The total for 'All' discharges is calculated from the MHSDS collection. Discharges are calculated with reference to both end of MHA section and end of hospital spell. Where detentions follow concurrently, discharge is only recorded at the end of the final hospital spell rather than for each separate detention. Discharge that occurs in the following year are not shown. Discharges following detention in the previous year are also not shown. Rates of discharge are therefore only shown for broad comparison. 3) The total for 'All ethnicities' is lower than for 'All' as it excludes records where any of age, gender or ethnicity was either recorded as 'Not stated' and 'Not known' or where it was not submitted. This information was required for direct standardisation of population-based rates. 4) ONS Census 2011 - table reference: DC2101EW - Ethnic group by sex by age, QS211EW - Ethnic group (detailed)
A48: Copyright © 2021, Health and Social Care Information Centre. The Health and Social Care Information Centre is a non-departmental body created by statute, also known as NHS Digital
A49: This work remains the sole and exclusive property of the Health and Social Information Centre and may only be reproduced where there is explicit reference to the ownership of the Health and Social Care Information Centre.

Sheet Table 8a
B1: Table 8a
B3: Length of Detention of patients discharged from hospital when previously detained under the Mental Health Act 1983, by section, age group, gender, ethnicity and deprivation decile, 2021-22, excluding CTOs
B5: This table shows how long each person was detained (repeated detention) under the Mental Health Act 1983 during 2021-22. Demographic breakdowns use the last set of person characteristics (e.g. age, gender or ethnicity) recorded in the year. This is to prevent instances where one person may have been recorded with different characteristics in different submissions. By taking the latest available demographics this ensures each person is consistently assigned with one age, gender and ethnic group. Caution should therefore be used when interpreting small numbers due to possible data quality issues. Please note that this table shows people who were no longer subject to Act at some point in 2021-22. A person may have multiple episodes within a year and these would be counted separately assuming they did not form a continuous episode. The data provided is based on MHSDS submissions dating from January 2016. Therefore some continuous spells may have been longer than this as only spells that were still active since January 2016 would have flowed to MHSDS.
B6: Note: In cases where multiple contiguous sections are applied to the same episode, the episode is allocated to the section with the highest level of restrictiveness.
E10: All | G10: By Gender | N10: By Ageband | V10: By deprivation (IMD decile) | AH10: By Ethnic Group | AO10: By Ethnicity
AO12: White | AR12: Mixed | AV12: Asian or Asian British | AZ12: Black or Black British | BC12: Other
G13: Male | H13: Female | I13: Non-binary | J13: Other (not listed) | K13: Indeterminate | L13: Unknown | N13: 15 and under | O13: 16 to 17 | P13: 18 to 34 | Q13: 35 to 49 | R13: 50 to 64 | S13: 65 and over | T13: Unknown | V13: 01 Least deprived | W13: 02 Less deprived | X13: 03 Less deprived | Y13: 04 Less deprived | Z13: 05 Less deprived | AA13: 06 More deprived | AB13: 07 More deprived | AC13: 08 More deprived | AD13: 09 More deprived | AE13: 10 Most deprived | AF13: Not stated/Not known/Invalid | AH13: White | AI13: Mixed | AJ13: Asian or Asian British | AK13: Black or Black British | AL13: Other Ethnic Groups | AM13: Unknown | AO13: White British | AP13: White Irish | AQ13: Any Other White Background | AR13: White and Black Caribbean | AS13: White and Black African | AT13: White and Asian | AU13: Any Other Mixed Background | AV13: Indian | AW13: Pakistani | AX13: Bangladeshi | AY13: Any Other Asian background | AZ13: African | BA13: Caribbean | BB13: Any Other Black Background | BC13: Chinese | BD13: Any other ethnic group | BE13: Not stated | BF13: Not known | BG13: Unknown
A15: All | B15: All Detentions | C15: n | E15: tag_table8a_1 | G15: tag_table8a_5 | N15: tag_table8a_9 | V15: tag_table8a_13 | AH15: tag_table8a_17 | AO15: tag_table8a_21
C16: 1st quartile
C17: median
C18: 3rd quartile
A20: All | B20: Part II | C20: n | E20: tag_table8a_2 | G20: tag_table8a_6 | N20: tag_table8a_10 | V20: tag_table8a_14 | AH20: tag_table8a_18 | AO20: tag_table8a_22
C21: 1st quartile
C22: median
C23: 3rd quartile
B24: Formally detained under Mental Health Act Section 2 | C24: n
C25: 1st quartile
C26: median
C27: 3rd quartile
B28: Formally detained under Mental Health Act Section 3 | C28: n
C29: 1st quartile
C30: median
C31: 3rd quartile
B32: Formally detained under Mental Health Act Section 4 | C32: n
C33: 1st quartile
C34: median
C35: 3rd quartile
B36: Formally detained under Mental Health Act Section 5(2) | C36: n
C37: 1st quartile
C38: median
C39: 3rd quartile
B40: Formally detained under Mental Health Act Section 5(4) | C40: n
C41: 1st quartile
C42: median
C43: 3rd quartile
B45: Court and prison disposals | C45: n | E45: tag_table8a_3 | G45: tag_table8a_7 | N45: tag_table8a_11 | V45: tag_table8a_15 | AH45: tag_table8a_19 | AO45: tag_table8a_23
C46: 1st quartile
C47: median
C48: 3rd quartile
B49: Formally detained under Mental Health Act Section 35 | C49: n
C50: 1st quartile
C51: median
C52: 3rd quartile
B53: Formally detained under Mental Health Act Section 36 | C53: n
C54: 1st quartile
C55: median
C56: 3rd quartile
B57: Formally detained under Mental Health Act Section 37 with section 41 restrictions | C57: n
C58: 1st quartile
C59: median
C60: 3rd quartile
B61: Formally detained under Mental Health Act Section 37 | C61: n
C62: 1st quartile
C63: median
C64: 3rd quartile
B65: Formally detained under Mental Health Act Section 38 | C65: n
C66: 1st quartile
C67: median
C68: 3rd quartile
B69: Formally detained under Mental Health Act Section 45A | C69: n
C70: 1st quartile
C71: median
C72: 3rd quartile
B73: Formally detained under Mental Health Act Section 46 | C73: n
C74: 1st quartile
C75: median
C76: 3rd quartile
B77: Formally detained under Mental Health Act Section 47 with section 49 restrictions | C77: n
C78: 1st quartile
C79: median
C80: 3rd quartile
B81: Formally detained under Mental Health Act Section 47 | C81: n
C82: 1st quartile
C83: median
C84: 3rd quartile
B85: Formally detained under Mental Health Act Section 48 with section 49 restrictions | C85: n
C86: 1st quartile
C87: median
C88: 3rd quartile
B89: Formally detained under Mental Health Act Section 48 | C89: n
C90: 1st quartile
C91: median
C92: 3rd quartile
B93: Subject to guardianship under Mental Health Act Section 7 | C93: n
C94: 1st quartile
C95: median
C96: 3rd quartile
B97: Subject to guardianship under Mental Health Act Section 37 | C97: n
C98: 1st quartile
C99: median
C100: 3rd quartile
B101: Formally detained under other acts | C101: n
C102: 1st quartile
C103: median
C104: 3rd quartile
B105: Formally detained under Criminal Proceedings (Insanity) Act 1964 as amended by the Criminal Procedures (Insanity and Unfitness to Plead) Act 1991 | C105: n
C106: 1st quartile
C107: median
C108: 3rd quartile
B110: Place of Safety | C110: n | E110: tag_table8a_4 | G110: tag_table8a_8 | N110: tag_table8a_12 | V110: tag_table8a_16 | AH110: tag_table8a_20 | AO110: tag_table8a_24
...

Sheet Table 8b
B1: Table 8b
B3: Length of Detention of patients discharged from hospital when previously detained under the Mental Health Act 1983, by section, age group, gender, ethnicity and deprivation decile, 2021-22, including CTOs
B5: This table shows how long each person was detained (repeated detention) under the Mental Health Act 1983 during 2021-22. Demographic breakdowns use the last set of person characteristics (e.g. age, gender or ethnicity) recorded in the year. This is to prevent instances where one person may have been recorded with different characteristics in different submissions. By taking the latest available demographics this ensures each person is consistently assigned with one age, gender and ethnic group. Caution should therefore be used when interpreting small numbers due to possible data quality issues. Please note that this table shows people who were no longer subject to Act at some point in 2021-22. A person may have multiple episodes within a year and these would be counted separately assuming they did not form a continuous episode. The data provided is based on MHSDS submissions dating from January 2016. Therefore some continuous spells may have been longer than this as only spells that were still active since January 2016 would have flowed to MHSDS.
B6: Note: In cases where multiple contiguous sections are applied to the same episode, the episode is allocated to the section with the highest level of restrictiveness.
E10: All | G10: By Gender | N10: By Ageband | V10: By deprivation (IMD decile) | AH10: By Ethnic Group | AO10: By Ethnicity
AO12: White | AR12: Mixed | AV12: Asian or Asian British | AZ12: Black or Black British | BC12: Other
G13: Male | H13: Female | I13: Non-binary | J13: Other (not listed) | K13: Indeterminate | L13: Unknown | N13: 15 and under | O13: 16 to 17 | P13: 18 to 34 | Q13: 35 to 49 | R13: 50 to 64 | S13: 65 and over | T13: Unknown | V13: 01 Least deprived | W13: 02 Less deprived | X13: 03 Less deprived | Y13: 04 Less deprived | Z13: 05 Less deprived | AA13: 06 More deprived | AB13: 07 More deprived | AC13: 08 More deprived | AD13: 09 More deprived | AE13: 10 Most deprived | AF13: Not stated/Not known/Invalid | AH13: White | AI13: Mixed | AJ13: Asian or Asian British | AK13: Black or Black British | AL13: Other Ethnic Groups | AM13: Unknown | AO13: White British | AP13: White Irish | AQ13: Any Other White Background | AR13: White and Black Caribbean | AS13: White and Black African | AT13: White and Asian | AU13: Any Other Mixed Background | AV13: Indian | AW13: Pakistani | AX13: Bangladeshi | AY13: Any Other Asian background | AZ13: Caribbean | BA13: African | BB13: Any Other Black Background | BC13: Chinese | BD13: Any other ethnic group | BE13: Not stated | BF13: Not known | BG13: Unknown
A15: All | B15: All Detentions | C15: n | E15: tag_table8b_1 | G15: tag_table8b_6 | N15: tag_table8b_11 | V15: tag_table8b_16 | AH15: tag_table8b_21 | AO15: tag_table8b_26
C16: 1st quartile
C17: median
C18: 3rd quartile
A20: All | B20: Part II | C20: n | E20: tag_table8b_2 | G20: tag_table8b_7 | N20: tag_table8b_12 | V20: tag_table8b_17 | AH20: tag_table8b_22 | AO20: tag_table8b_27
C21: 1st quartile
C22: median
C23: 3rd quartile
B24: Formally detained under Mental Health Act Section 2 | C24: n
C25: 1st quartile
C26: median
C27: 3rd quartile
B28: Formally detained under Mental Health Act Section 3 | C28: n
C29: 1st quartile
C30: median
C31: 3rd quartile
B32: Formally detained under Mental Health Act Section 4 | C32: n
C33: 1st quartile
C34: median
C35: 3rd quartile
B36: Formally detained under Mental Health Act Section 5(2) | C36: n
C37: 1st quartile
C38: median
C39: 3rd quartile
B40: Formally detained under Mental Health Act Section 5(4) | C40: n
C41: 1st quartile
C42: median
C43: 3rd quartile
B45: Court and prison disposals | C45: n | E45: tag_table8b_3 | G45: tag_table8b_8 | N45: tag_table8b_13 | V45: tag_table8b_18 | AH45: tag_table8b_23 | AO45: tag_table8b_28
C46: 1st quartile
C47: median
C48: 3rd quartile
B49: Formally detained under Mental Health Act Section 35 | C49: n
C50: 1st quartile
C51: median
C52: 3rd quartile
B53: Formally detained under Mental Health Act Section 36 | C53: n
C54: 1st quartile
C55: median
C56: 3rd quartile
B57: Formally detained under Mental Health Act Section 37 with section 41 restrictions | C57: n
C58: 1st quartile
C59: median
C60: 3rd quartile
B61: Formally detained under Mental Health Act Section 37 | C61: n
C62: 1st quartile
C63: median
C64: 3rd quartile
B65: Formally detained under Mental Health Act Section 38 | C65: n
C66: 1st quartile
C67: median
C68: 3rd quartile
B69: Formally detained under Mental Health Act Section 45A | C69: n
C70: 1st quartile
C71: median
C72: 3rd quartile
B73: Formally detained under Mental Health Act Section 46 | C73: n
C74: 1st quartile
C75: median
C76: 3rd quartile
B77: Formally detained under Mental Health Act Section 47 with section 49 restrictions | C77: n
C78: 1st quartile
C79: median
C80: 3rd quartile
B81: Formally detained under Mental Health Act Section 47 | C81: n
C82: 1st quartile
C83: median
C84: 3rd quartile
B85: Formally detained under Mental Health Act Section 48 with section 49 restrictions | C85: n
C86: 1st quartile
C87: median
C88: 3rd quartile
B89: Formally detained under Mental Health Act Section 48 | C89: n
C90: 1st quartile
C91: median
C92: 3rd quartile
B93: Subject to guardianship under Mental Health Act Section 7 | C93: n
C94: 1st quartile
C95: median
C96: 3rd quartile
B97: Subject to guardianship under Mental Health Act Section 37 | C97: n
C98: 1st quartile
C99: median
C100: 3rd quartile
B101: Formally detained under other acts | C101: n
C102: 1st quartile
C103: median
C104: 3rd quartile
B105: Formally detained under Criminal Proceedings (Insanity) Act 1964 as amended by the Criminal Procedures (Insanity and Unfitness to Plead) Act 1991 | C105: n
C106: 1st quartile
C107: median
C108: 3rd quartile
B110: Place of Safety | C110: n | E110: tag_table8b_4 | G110: tag_table8b_9 | N110: tag_table8b_14 | V110: tag_table8b_19 | AH110: tag_table8b_24 | AO110: tag_table8b_29
...

Sheet Table 8c
B1: Table 8c
B3: Number of separate episodes as part of continuous MHA episode
B6: Number of separate episodes | C6: MHA episodes only | D6: MHA and CTO episodes | E6: MHA episodes only (%) | F6: MHA and CTO episodes (%)
B9: Total continuous episodes | C9: tag_table8c_1
B10: 1
B11: 2
B12: 3
B13: 4
B14: 5
B15: 6
B16: 7
B17: 8
B18: 9
B19: 10+
B22: Source: MHSDS
B24: Copyright © 2021, Health and Social Care Information Centre. The Health and Social Care Information Centre is a non-departmental body created by statute, also known as NHS Digital
B25: This work remains the sole and exclusive property of the Health and Social Information Centre and may only be reproduced where there is explicit reference to the ownership of the Health and Social Care Information Centre.

Sheet Appendix 1
B1: Appendix 1
B3: Severity of Detention
B5: The following table shows how Sections have been grouped and ordered according to their restrictiveness. Where a continuous MHA episode is grouped under a single section this represents the most restrictive section used according to the table below.
B8: MHA Severity Order | C8: Description | D8: Category
B11: 25 | C11: Formally detained under Mental Health Act Section 45A | D11: Court and prison disposals
B12: 24 | C12: Formally detained under Mental Health Act Section 47 with section 49 restrictions | D12: Court and prison disposals
B13: 23 | C13: Formally detained under Mental Health Act Section 48 with section 49 restrictions | D13: Court and prison disposals
B14: 22 | C14: Formally detained under Mental Health Act Section 37 with section 41 restrictions | D14: Court and prison disposals
B15: 21 | C15: Formally detained under Mental Health Act Section 46 | D15: Court and prison disposals
B16: 20 | C16: Formally detained under Mental Health Act Section 44 | D16: Court and prison disposals
B17: 19 | C17: Formally detained under Mental Health Act Section 47 | D17: Court and prison disposals
B18: 18 | C18: Formally detained under Mental Health Act Section 48 | D18: Court and prison disposals
B19: 17 | C19: Formally detained under Criminal Proceedings (Insanity) Act 1964 as amended by the Criminal Procedures (Insanity and Unfitness to Plead) Act 1991 | D19: Court and prison disposals
B20: 16 | C20: Formally detained under Mental Health Act Section 37 | D20: Court and prison disposals
B21: 15 | C21: Formally detained under Mental Health Act Section 38 | D21: Court and prison disposals
B22: 14 | C22: Subject to guardianship under Mental Health Act Section 37 | D22: Court and prison disposals
... B35: 1 | C35: Formally detained under Mental Health Act Section 5(4) | D35: Part II
B38: Copyright © 2021, Health and Social Care Information Centre. The Health and Social Care Information Centre is a non-departmental body created by statute, also known as NHS Digital
B39: This work remains the sole and exclusive property of the Health and Social Information Centre and may only be reproduced where there is explicit reference to the ownership of the Health and Social Care Information Centre.
